Date,OPEN,HIGH,LOW,CLOSE,VOLUME,return,return_one_hot_encoded,volume_difference,volume_one_hot_encoded,url,header,release time,article content,formatteddate,flair_sentiment_header_label,flair_sentiment_header_score,flair_sentiment_content_label,flair_sentiment_content_score,neg_vader_header,neu_vader_header,pos_vader_header,compound_vader_header,neg_vader_articel_content,neu_vader_articel_content,pos_vader_articel_content,compound_vader_articel_content,polarity_textblob_sentiment_header,subjectivity_textblob_sentiment_header,polarity_textblob_sentiment_content,subjectivity_textblob_sentiment_content
2020-05-26 09:01:00,12.595,12.63,12.52,12.57,206725.0,0.0,0,0.0,0,,,,,,,,,,,,,,,,,,,,,
2020-05-26 09:02:00,12.63,12.68,12.58,12.675,35494.0,0.08000000000000007,1,-171231.0,0,,,,,,,,,,,,,,,,,,,,,
2020-05-26 09:03:00,12.675,12.69,12.61,12.62,9673.0,-0.010000000000001565,0,-25821.0,0,,,,,,,,,,,,,,,,,,,,,
2020-05-26 09:04:00,12.635,12.685,12.61,12.61,13659.0,-0.06500000000000128,0,3986.0,1,,,,,,,,,,,,,,,,,,,,,
2020-05-26 09:05:00,12.62,12.69,12.61,12.63,35590.0,-0.004999999999999004,0,21931.0,1,,,,,,,,,,,,,,,,,,,,,
2020-05-26 09:06:00,12.605,12.61,12.57,12.61,12653.0,-0.009999999999999787,0,-22937.0,0,,,,,,,,,,,,,,,,,,,,,
2020-05-26 09:07:00,12.6,12.685,12.6,12.67,29644.0,0.0649999999999995,1,16991.0,1,,,,,,,,,,,,,,,,,,,,,
2020-05-26 09:08:00,12.65,12.72,12.645,12.675,39419.0,0.07500000000000108,1,9775.0,1,,,,,,,,,,,,,,,,,,,,,
2020-05-26 09:09:00,12.68,12.865,12.675,12.675,73199.0,0.025000000000000355,1,33780.0,1,,,,,,,,,,,,,,,,,,,,,
2020-05-26 09:10:00,12.7,12.77,12.695,12.735,21369.0,0.054999999999999716,1,-51830.0,0,,,,,,,,,,,,,,,,,,,,,
2020-05-26 09:11:00,12.745,12.745,12.66,12.67,7978.0,-0.029999999999999364,0,-13391.0,0,,,,,,,,,,,,,,,,,,,,,
2020-05-26 09:12:00,12.675,12.73,12.655,12.7,22809.0,-0.04499999999999993,0,14831.0,1,,,,,,,,,,,,,,,,,,,,,
2020-05-26 09:13:00,12.68,12.75,12.68,12.735,21876.0,0.05999999999999873,1,-933.0,0,,,,,,,,,,,,,,,,,,,,,
2020-05-26 09:14:00,12.745,12.745,12.695,12.705,9808.0,0.025000000000000355,1,-12068.0,0,,,,,,,,,,,,,,,,,,,,,
2020-05-26 09:15:00,12.73,12.73,12.67,12.69,12332.0,-0.054999999999999716,0,2524.0,1,,,,,,,,,,,,,,,,,,,,,
2020-05-26 09:16:00,12.67,12.7,12.665,12.67,10229.0,-0.0600000000000005,0,-2103.0,0,,,,,,,,,,,,,,,,,,,,,
2020-05-26 09:17:00,12.67,12.7,12.67,12.7,30572.0,0.029999999999999364,1,20343.0,1,,,,,,,,,,,,,,,,,,,,,
2020-05-26 09:18:00,12.7,12.7,12.645,12.645,12057.0,-0.025000000000000355,0,-18515.0,0,,,,,,,,,,,,,,,,,,,,,
2020-05-26 09:19:00,12.635,12.675,12.615,12.675,10490.0,-0.024999999999998582,0,-1567.0,0,,,,,,,,,,,,,,,,,,,,,
2020-05-26 09:20:00,12.665,12.695,12.65,12.68,10589.0,0.04499999999999993,1,99.0,1,,,,,,,,,,,,,,,,,,,,,
2020-05-26 09:21:00,12.685,12.7,12.67,12.7,26929.0,0.035000000000000135,1,16340.0,1,,,,,,,,,,,,,,,,,,,,,
2020-05-26 09:22:00,12.7,12.7,12.67,12.675,13538.0,-0.009999999999999787,0,-13391.0,0,,,,,,,,,,,,,,,,,,,,,
2020-05-26 09:23:00,12.675,12.71,12.665,12.685,33622.0,-0.01499999999999879,0,20084.0,1,,,,,,,,,,,,,,,,,,,,,
2020-05-26 09:24:00,12.66,12.695,12.64,12.655,10295.0,-0.02000000000000135,0,-23327.0,0,,,,,,,,,,,,,,,,,,,,,
2020-05-26 09:25:00,12.655,12.68,12.65,12.655,9597.0,-0.0050000000000007825,0,-698.0,0,,,,,,,,,,,,,,,,,,,,,
2020-05-26 09:26:00,12.67,12.67,12.64,12.64,7191.0,-0.01499999999999879,0,-2406.0,0,,,,,,,,,,,,,,,,,,,,,
2020-05-26 09:27:00,12.63,12.64,12.58,12.62,17904.0,-0.05000000000000071,0,10713.0,1,,,,,,,,,,,,,,,,,,,,,
2020-05-26 09:28:00,12.62,12.655,12.585,12.63,10141.0,0.0,0,-7763.0,0,,,,,,,,,,,,,,,,,,,,,
2020-05-26 09:29:00,12.635,12.64,12.595,12.595,2843.0,-0.024999999999998582,0,-7298.0,0,,,,,,,,,,,,,,,,,,,,,
2020-05-26 09:30:00,12.59,12.625,12.58,12.615,20990.0,-0.01999999999999957,0,18147.0,1,,,,,,,,,,,,,,,,,,,,,
2020-05-26 09:31:00,12.62,12.65,12.615,12.62,11392.0,0.029999999999999364,1,-9598.0,0,,,,,,,,,,,,,,,,,,,,,
2020-05-26 09:32:00,12.615,12.635,12.6,12.6,4846.0,-0.01999999999999957,0,-6546.0,0,,,,,,,,,,,,,,,,,,,,,
2020-05-26 09:33:00,12.6,12.615,12.575,12.575,15313.0,-0.040000000000000924,0,10467.0,1,,,,,,,,,,,,,,,,,,,,,
2020-05-26 09:34:00,12.57,12.59,12.565,12.58,7039.0,-0.01999999999999957,0,-8274.0,0,,,,,,,,,,,,,,,,,,,,,
2020-05-26 09:35:00,12.585,12.595,12.545,12.545,15049.0,-0.025000000000000355,0,8010.0,1,,,,,,,,,,,,,,,,,,,,,
2020-05-26 09:36:00,12.55,12.62,12.535,12.595,18632.0,0.009999999999999787,1,3583.0,1,,,,,,,,,,,,,,,,,,,,,
2020-05-26 09:37:00,12.59,12.63,12.59,12.625,12528.0,0.07499999999999929,1,-6104.0,0,,,,,,,,,,,,,,,,,,,,,
2020-05-26 09:38:00,12.635,12.66,12.635,12.645,20988.0,0.054999999999999716,1,8460.0,1,,,,,,,,,,,,,,,,,,,,,
2020-05-26 09:39:00,12.645,12.685,12.64,12.65,57821.0,0.015000000000000568,1,36833.0,1,,,,,,,,,,,,,,,,,,,,,
2020-05-26 09:40:00,12.63,12.645,12.63,12.645,2385.0,0.0,0,-55436.0,0,,,,,,,,,,,,,,,,,,,,,
2020-05-26 09:41:00,12.65,12.65,12.605,12.615,15235.0,-0.015000000000000568,0,12850.0,1,,,,,,,,,,,,,,,,,,,,,
2020-05-26 09:42:00,12.615,12.65,12.61,12.635,5992.0,-0.015000000000000568,0,-9243.0,0,,,,,,,,,,,,,,,,,,,,,
2020-05-26 09:43:00,12.63,12.645,12.625,12.635,3784.0,0.01999999999999957,1,-2208.0,0,,,,,,,,,,,,,,,,,,,,,
2020-05-26 09:44:00,12.625,12.68,12.625,12.625,10731.0,-0.0050000000000007825,0,6947.0,1,,,,,,,,,,,,,,,,,,,,,
2020-05-26 09:45:00,12.635,12.635,12.6,12.6,3246.0,-0.025000000000000355,0,-7485.0,0,,,,,,,,,,,,,,,,,,,,,
2020-05-26 09:46:00,12.595,12.605,12.595,12.595,10645.0,-0.03999999999999915,0,7399.0,1,,,,,,,,,,,,,,,,,,,,,
2020-05-26 09:47:00,12.595,12.61,12.565,12.57,7631.0,-0.025000000000000355,0,-3014.0,0,,,,,,,,,,,,,,,,,,,,,
2020-05-26 09:48:00,12.57,12.58,12.555,12.555,20437.0,-0.040000000000000924,0,12806.0,1,,,,,,,,,,,,,,,,,,,,,
2020-05-26 09:49:00,12.55,12.585,12.545,12.585,15089.0,0.015000000000000568,1,-5348.0,0,,,,,,,,,,,,,,,,,,,,,
2020-05-26 09:50:00,12.585,12.625,12.58,12.625,19329.0,0.07499999999999929,1,4240.0,1,,,,,,,,,,,,,,,,,,,,,
2020-05-26 09:51:00,12.62,12.65,12.62,12.64,16397.0,0.054999999999999716,1,-2932.0,0,,,,,,,,,,,,,,,,,,,,,
2020-05-26 09:52:00,12.65,12.67,12.645,12.655,8121.0,0.035000000000000135,1,-8276.0,0,,,,,,,,,,,,,,,,,,,,,
2020-05-26 09:53:00,12.65,12.67,12.64,12.65,25023.0,0.0,0,16902.0,1,,,,,,,,,,,,,,,,,,,,,
2020-05-26 09:54:00,12.64,12.69,12.635,12.67,58464.0,0.01999999999999957,1,33441.0,1,,,,,,,,,,,,,,,,,,,,,
2020-05-26 09:55:00,12.665,12.68,12.65,12.67,12189.0,0.029999999999999364,1,-46275.0,0,,,,,,,,,,,,,,,,,,,,,
2020-05-26 09:56:00,12.67,12.695,12.665,12.69,9926.0,0.025000000000000355,1,-2263.0,0,,,,,,,,,,,,,,,,,,,,,
2020-05-26 09:57:00,12.68,12.685,12.665,12.675,3470.0,0.0050000000000007825,1,-6456.0,0,,,,,,,,,,,,,,,,,,,,,
2020-05-26 09:58:00,12.665,12.68,12.665,12.68,5384.0,0.0,0,1914.0,1,,,,,,,,,,,,,,,,,,,,,
2020-05-26 09:59:00,12.68,12.685,12.67,12.67,17912.0,0.0050000000000007825,1,12528.0,1,,,,,,,,,,,,,,,,,,,,,
2020-05-26 10:00:00,12.67,12.68,12.665,12.675,8520.0,-0.004999999999999004,0,-9392.0,0,,,,,,,,,,,,,,,,,,,,,
2020-05-26 10:01:00,12.675,12.685,12.66,12.665,8001.0,-0.0050000000000007825,0,-519.0,0,,,,,,,,,,,,,,,,,,,,,
2020-05-26 10:02:00,12.655,12.685,12.655,12.67,7553.0,-0.0050000000000007825,0,-448.0,0,,,,,,,,,,,,,,,,,,,,,
2020-05-26 10:03:00,12.67,12.685,12.67,12.67,13382.0,0.015000000000000568,1,5829.0,1,,,,,,,,,,,,,,,,,,,,,
2020-05-26 10:04:00,12.665,12.665,12.63,12.65,10917.0,-0.01999999999999957,0,-2465.0,0,,,,,,,,,,,,,,,,,,,,,
2020-05-26 10:05:00,12.645,12.655,12.635,12.655,4158.0,-0.009999999999999787,0,-6759.0,0,,,,,,,,,,,,,,,,,,,,,
2020-05-26 10:06:00,12.655,12.68,12.645,12.645,12472.0,0.0,0,8314.0,1,,,,,,,,,,,,,,,,,,,,,
2020-05-26 10:07:00,12.65,12.655,12.63,12.645,2911.0,-0.009999999999999787,0,-9561.0,0,,,,,,,,,,,,,,,,,,,,,
2020-05-26 10:08:00,12.65,12.66,12.64,12.655,7116.0,0.004999999999999004,1,4205.0,1,,,,,,,,,,,,,,,,,,,,,
2020-05-26 10:09:00,12.655,12.66,12.635,12.64,48001.0,-0.009999999999999787,0,40885.0,1,,,,,,,,,,,,,,,,,,,,,
2020-05-26 10:10:00,12.635,12.655,12.635,12.655,6333.0,0.0,0,-41668.0,0,,,,,,,,,,,,,,,,,,,,,
2020-05-26 10:11:00,12.66,12.66,12.63,12.64,7502.0,0.0050000000000007825,1,1169.0,1,,,,,,,,,,,,,,,,,,,,,
2020-05-26 10:12:00,12.635,12.655,12.62,12.655,3866.0,-0.0050000000000007825,0,-3636.0,0,,,,,,,,,,,,,,,,,,,,,
2020-05-26 10:13:00,12.645,12.655,12.645,12.65,27345.0,0.015000000000000568,1,23479.0,1,,,,,,,,,,,,,,,,,,,,,
2020-05-26 10:14:00,12.65,12.655,12.635,12.635,33696.0,-0.009999999999999787,0,6351.0,1,,,,,,,,,,,,,,,,,,,,,
2020-05-26 10:15:00,12.63,12.63,12.615,12.615,13837.0,-0.035000000000000135,0,-19859.0,0,,,,,,,,,,,,,,,,,,,,,
2020-05-26 10:16:00,12.615,12.655,12.615,12.65,6962.0,0.01999999999999957,1,-6875.0,0,,,,,,,,,,,,,,,,,,,,,
2020-05-26 10:17:00,12.65,12.65,12.64,12.64,2816.0,0.025000000000000355,1,-4146.0,0,,,,,,,,,,,,,,,,,,,,,
2020-05-26 10:18:00,12.645,12.655,12.64,12.655,11124.0,0.004999999999999004,1,8308.0,1,,,,,,,,,,,,,,,,,,,,,
2020-05-26 10:19:00,12.655,12.655,12.64,12.65,8598.0,0.0050000000000007825,1,-2526.0,0,,,,,,,,,,,,,,,,,,,,,
2020-05-26 10:20:00,12.655,12.66,12.63,12.63,30864.0,-0.024999999999998582,0,22266.0,1,,,,,,,,,,,,,,,,,,,,,
2020-05-26 10:21:00,12.635,12.65,12.63,12.65,7049.0,-0.004999999999999004,0,-23815.0,0,,,,,,,,,,,,,,,,,,,,,
2020-05-26 10:22:00,12.65,12.65,12.645,12.65,5309.0,0.015000000000000568,1,-1740.0,0,,,,,,,,,,,,,,,,,,,,,
2020-05-26 10:23:00,12.64,12.645,12.63,12.645,11247.0,-0.0050000000000007825,0,5938.0,1,,,,,,,,,,,,,,,,,,,,,
2020-05-26 10:24:00,12.645,12.65,12.635,12.635,3949.0,-0.0050000000000007825,0,-7298.0,0,,,,,,,,,,,,,,,,,,,,,
2020-05-26 10:25:00,12.635,12.64,12.615,12.64,11860.0,-0.004999999999999004,0,7911.0,1,,,,,,,,,,,,,,,,,,,,,
2020-05-26 10:26:00,12.635,12.635,12.615,12.62,6825.0,-0.015000000000000568,0,-5035.0,0,,,,,,,,,,,,,,,,,,,,,
2020-05-26 10:27:00,12.625,12.625,12.61,12.61,2829.0,-0.025000000000000355,0,-3996.0,0,,,,,,,,,,,,,,,,,,,,,
2020-05-26 10:28:00,12.615,12.63,12.615,12.63,8562.0,0.0050000000000007825,1,5733.0,1,,,,,,,,,,,,,,,,,,,,,
2020-05-26 10:29:00,12.63,12.63,12.605,12.62,6296.0,0.004999999999999004,1,-2266.0,0,,,,,,,,,,,,,,,,,,,,,
2020-05-26 10:30:00,12.62,12.63,12.61,12.625,13721.0,-0.0050000000000007825,0,7425.0,1,,,,,,,,,,,,,,,,,,,,,
2020-05-26 10:31:00,12.625,12.63,12.6,12.6,25614.0,-0.01999999999999957,0,11893.0,1,,,,,,,,,,,,,,,,,,,,,
2020-05-26 10:32:00,12.6,12.61,12.585,12.585,6378.0,-0.03999999999999915,0,-19236.0,0,,,,,,,,,,,,,,,,,,,,,
2020-05-26 10:33:00,12.585,12.59,12.56,12.565,18371.0,-0.035000000000000135,0,11993.0,1,,,,,,,,,,,,,,,,,,,,,
2020-05-26 10:34:00,12.56,12.57,12.555,12.555,8255.0,-0.030000000000001137,0,-10116.0,0,,,,,,,,,,,,,,,,,,,,,
2020-05-26 10:35:00,12.555,12.59,12.55,12.575,49227.0,0.01499999999999879,1,40972.0,1,,,,,,,,,,,,,,,,,,,,,
2020-05-26 10:36:00,12.575,12.585,12.575,12.585,8561.0,0.030000000000001137,1,-40666.0,0,,,,,,,,,,,,,,,,,,,,,
2020-05-26 10:37:00,12.575,12.59,12.575,12.575,4816.0,0.0,0,-3745.0,0,,,,,,,,,,,,,,,,,,,,,
2020-05-26 10:38:00,12.575,12.585,12.57,12.585,12403.0,0.010000000000001565,1,7587.0,1,,,,,,,,,,,,,,,,,,,,,
2020-05-26 10:39:00,12.58,12.6,12.57,12.57,14427.0,-0.004999999999999004,0,2024.0,1,,,,,,,,,,,,,,,,,,,,,
2020-05-26 10:40:00,12.56,12.57,12.545,12.545,5454.0,-0.035000000000000135,0,-8973.0,0,,,,,,,,,,,,,,,,,,,,,
2020-05-26 10:41:00,12.55,12.565,12.545,12.56,6058.0,0.0,0,604.0,1,,,,,,,,,,,,,,,,,,,,,
2020-05-26 10:42:00,12.55,12.565,12.55,12.56,10298.0,0.009999999999999787,1,4240.0,1,,,,,,,,,,,,,,,,,,,,,
2020-05-26 10:43:00,12.56,12.57,12.56,12.56,6588.0,0.009999999999999787,1,-3710.0,0,,,,,,,,,,,,,,,,,,,,,
2020-05-26 10:44:00,12.555,12.575,12.555,12.575,14172.0,0.01499999999999879,1,7584.0,1,,,,,,,,,,,,,,,,,,,,,
2020-05-26 10:45:00,12.575,12.61,12.57,12.605,17190.0,0.05000000000000071,1,3018.0,1,,,,,,,,,,,,,,,,,,,,,
2020-05-26 10:46:00,12.6,12.615,12.6,12.61,2112.0,0.035000000000000135,1,-15078.0,0,,,,,,,,,,,,,,,,,,,,,
2020-05-26 10:47:00,12.61,12.61,12.595,12.595,3092.0,-0.004999999999999004,0,980.0,1,,,,,,,,,,,,,,,,,,,,,
2020-05-26 10:48:00,12.595,12.61,12.595,12.61,6124.0,0.0,0,3032.0,1,,,,,,,,,,,,,,,,,,,,,
2020-05-26 10:49:00,12.615,12.615,12.6,12.615,2058.0,0.01999999999999957,1,-4066.0,0,,,,,,,,,,,,,,,,,,,,,
2020-05-26 10:50:00,12.615,12.62,12.615,12.62,2734.0,0.004999999999999004,1,676.0,1,,,,,,,,,,,,,,,,,,,,,
2020-05-26 10:51:00,12.62,12.64,12.62,12.64,7087.0,0.025000000000000355,1,4353.0,1,,,,,,,,,,,,,,,,,,,,,
2020-05-26 10:52:00,12.635,12.655,12.635,12.65,5265.0,0.030000000000001137,1,-1822.0,0,,,,,,,,,,,,,,,,,,,,,
2020-05-26 10:53:00,12.65,12.665,12.65,12.655,8039.0,0.01999999999999957,1,2774.0,1,,,,,,,,,,,,,,,,,,,,,
2020-05-26 10:54:00,12.655,12.66,12.64,12.64,4188.0,-0.009999999999999787,0,-3851.0,0,,,,,,,,,,,,,,,,,,,,,
2020-05-26 10:55:00,12.65,12.66,12.645,12.65,8722.0,-0.004999999999999004,0,4534.0,1,,,,,,,,,,,,,,,,,,,,,
2020-05-26 10:56:00,12.65,12.65,12.645,12.65,3197.0,0.0,0,-5525.0,0,,,,,,,,,,,,,,,,,,,,,
2020-05-26 10:57:00,12.655,12.66,12.65,12.65,4125.0,0.0,0,928.0,1,,,,,,,,,,,,,,,,,,,,,
2020-05-26 10:58:00,12.65,12.66,12.65,12.655,2450.0,0.0,0,-1675.0,0,,,,,,,,,,,,,,,,,,,,,
2020-05-26 10:59:00,12.655,12.67,12.655,12.665,3407.0,0.01499999999999879,1,957.0,1,,,,,,,,,,,,,,,,,,,,,
2020-05-26 11:00:00,12.66,12.695,12.655,12.695,127146.0,0.040000000000000924,1,123739.0,1,,,,,,,,,,,,,,,,,,,,,
2020-05-26 11:01:00,12.695,12.695,12.68,12.685,10611.0,0.025000000000000355,1,-116535.0,0,,,,,,,,,,,,,,,,,,,,,
2020-05-26 11:02:00,12.685,12.69,12.68,12.685,7520.0,-0.009999999999999787,0,-3091.0,0,,,,,,,,,,,,,,,,,,,,,
2020-05-26 11:03:00,12.685,12.695,12.685,12.69,360.0,0.004999999999999004,1,-7160.0,0,,,,,,,,,,,,,,,,,,,,,
2020-05-26 11:04:00,12.695,12.705,12.69,12.695,44644.0,0.009999999999999787,1,44284.0,1,,,,,,,,,,,,,,,,,,,,,
2020-05-26 11:05:00,12.695,12.695,12.685,12.685,3497.0,-0.009999999999999787,0,-41147.0,0,,,,,,,,,,,,,,,,,,,,,
2020-05-26 11:06:00,12.685,12.69,12.685,12.685,2944.0,-0.009999999999999787,0,-553.0,0,,,,,,,,,,,,,,,,,,,,,
2020-05-26 11:07:00,12.69,12.705,12.69,12.695,26944.0,0.009999999999999787,1,24000.0,1,,,,,,,,,,,,,,,,,,,,,
2020-05-26 11:08:00,12.695,12.7,12.685,12.695,3384.0,0.0050000000000007825,1,-23560.0,0,,,,,,,,,,,,,,,,,,,,,
2020-05-26 11:09:00,12.695,12.695,12.69,12.695,803.0,0.0,0,-2581.0,0,,,,,,,,,,,,,,,,,,,,,
2020-05-26 11:10:00,12.69,12.72,12.69,12.72,17567.0,0.025000000000000355,1,16764.0,1,,,,,,,,,,,,,,,,,,,,,
2020-05-26 11:11:00,12.72,12.74,12.72,12.74,9736.0,0.05000000000000071,1,-7831.0,0,,,,,,,,,,,,,,,,,,,,,
2020-05-26 11:12:00,12.745,12.775,12.745,12.775,24602.0,0.054999999999999716,1,14866.0,1,,,,,,,,,,,,,,,,,,,,,
2020-05-26 11:13:00,12.775,12.79,12.77,12.785,17647.0,0.040000000000000924,1,-6955.0,0,,,,,,,,,,,,,,,,,,,,,
2020-05-26 11:14:00,12.78,12.79,12.78,12.79,2874.0,0.01499999999999879,1,-14773.0,0,,,,,,,,,,,,,,,,,,,,,
2020-05-26 11:15:00,12.795,12.805,12.79,12.79,17970.0,0.009999999999999787,1,15096.0,1,,,,,,,,,,,,,,,,,,,,,
2020-05-26 11:16:00,12.79,12.81,12.79,12.805,13635.0,0.009999999999999787,1,-4335.0,0,,,,,,,,,,,,,,,,,,,,,
2020-05-26 11:17:00,12.8,12.82,12.785,12.8,23025.0,0.010000000000001565,1,9390.0,1,,,,,,,,,,,,,,,,,,,,,
2020-05-26 11:18:00,12.8,12.835,12.8,12.815,55341.0,0.01499999999999879,1,32316.0,1,,,,,,,,,,,,,,,,,,,,,
2020-05-26 11:19:00,12.81,12.815,12.8,12.81,80005.0,0.009999999999999787,1,24664.0,1,,,,,,,,,,,,,,,,,,,,,
2020-05-26 11:20:00,12.82,12.825,12.805,12.815,12817.0,0.004999999999999004,1,-67188.0,0,,,,,,,,,,,,,,,,,,,,,
2020-05-26 11:21:00,12.82,12.845,12.82,12.835,87987.0,0.015000000000000568,1,75170.0,1,,,,,,,,,,,,,,,,,,,,,
2020-05-26 11:22:00,12.83,12.83,12.795,12.81,33614.0,-0.009999999999999787,0,-54373.0,0,,,,,,,,,,,,,,,,,,,,,
2020-05-26 11:23:00,12.805,12.82,12.8,12.82,15716.0,-0.009999999999999787,0,-17898.0,0,,,,,,,,,,,,,,,,,,,,,
2020-05-26 11:24:00,12.815,12.83,12.815,12.83,22101.0,0.025000000000000355,1,6385.0,1,,,,,,,,,,,,,,,,,,,,,
2020-05-26 11:25:00,12.825,12.835,12.825,12.835,3990.0,0.02000000000000135,1,-18111.0,0,,,,,,,,,,,,,,,,,,,,,
2020-05-26 11:26:00,12.83,12.83,12.815,12.825,5487.0,0.0,0,1497.0,1,,,,,,,,,,,,,,,,,,,,,
2020-05-26 11:27:00,12.83,12.84,12.83,12.835,13716.0,0.0050000000000007825,1,8229.0,1,,,,,,,,,,,,,,,,,,,,,
2020-05-26 11:28:00,12.835,12.84,12.82,12.825,9912.0,-0.0050000000000007825,0,-3804.0,0,,,,,,,,,,,,,,,,,,,,,
2020-05-26 11:29:00,12.83,12.855,12.83,12.85,14057.0,0.01499999999999879,1,4145.0,1,,,,,,,,,,,,,,,,,,,,,
2020-05-26 11:30:00,12.85,12.86,12.845,12.855,8426.0,0.025000000000000355,1,-5631.0,0,,,,,,,,,,,,,,,,,,,,,
2020-05-26 11:31:00,12.85,12.865,12.845,12.86,13199.0,0.009999999999999787,1,4773.0,1,,,,,,,,,,,,,,,,,,,,,
2020-05-26 11:32:00,12.86,12.86,12.84,12.84,66324.0,-0.009999999999999787,0,53125.0,1,,,,,,,,,,,,,,,,,,,,,
2020-05-26 11:33:00,12.835,12.85,12.835,12.85,20292.0,-0.009999999999999787,0,-46032.0,0,,,,,,,,,,,,,,,,,,,,,
2020-05-26 11:34:00,12.855,12.86,12.85,12.85,3989.0,0.01499999999999879,1,-16303.0,0,,,,,,,,,,,,,,,,,,,,,
2020-05-26 11:35:00,12.855,12.875,12.85,12.875,19889.0,0.01999999999999957,1,15900.0,1,,,,,,,,,,,,,,,,,,,,,
2020-05-26 11:36:00,12.88,12.915,12.86,12.915,178247.0,0.05999999999999873,1,158358.0,1,,,,,,,,,,,,,,,,,,,,,
2020-05-26 11:37:00,12.905,12.905,12.885,12.885,14982.0,0.004999999999999004,1,-163265.0,0,,,,,,,,,,,,,,,,,,,,,
2020-05-26 11:38:00,12.89,12.9,12.885,12.9,5046.0,-0.004999999999999004,0,-9936.0,0,,,,,,,,,,,,,,,,,,,,,
2020-05-26 11:39:00,12.905,12.905,12.87,12.87,8446.0,-0.02000000000000135,0,3400.0,1,,,,,,,,,,,,,,,,,,,,,
2020-05-26 11:40:00,12.87,12.9,12.87,12.9,16318.0,-0.004999999999999004,0,7872.0,1,,,,,,,,,,,,,,,,,,,,,
2020-05-26 11:41:00,12.89,12.9,12.88,12.895,6647.0,0.025000000000000355,1,-9671.0,0,,,,,,,,,,,,,,,,,,,,,
2020-05-26 11:42:00,12.9,12.91,12.89,12.89,6125.0,0.0,0,-522.0,0,,,,,,,,,,,,,,,,,,,,,
2020-05-26 11:43:00,12.89,12.9,12.89,12.9,4526.0,0.0,0,-1599.0,0,,,,,,,,,,,,,,,,,,,,,
2020-05-26 11:44:00,12.905,12.925,12.905,12.92,12896.0,0.029999999999999364,1,8370.0,1,,,,,,,,,,,,,,,,,,,,,
2020-05-26 11:45:00,12.925,12.95,12.925,12.94,27311.0,0.035000000000000135,1,14415.0,1,,,,,,,,,,,,,,,,,,,,,
2020-05-26 11:46:00,12.94,12.95,12.94,12.95,13665.0,0.024999999999998582,1,-13646.0,0,,,,,,,,,,,,,,,,,,,,,
2020-05-26 11:47:00,12.945,12.95,12.94,12.945,6635.0,0.0050000000000007825,1,-7030.0,0,,,,,,,,,,,,,,,,,,,,,
2020-05-26 11:48:00,12.95,12.95,12.94,12.945,7965.0,0.0,0,1330.0,1,,,,,,,,,,,,,,,,,,,,,
2020-05-26 11:49:00,12.95,12.955,12.935,12.95,15807.0,0.0,0,7842.0,1,,,,,,,,,,,,,,,,,,,,,
2020-05-26 11:50:00,12.95,12.955,12.94,12.95,9430.0,0.0,0,-6377.0,0,,,,,,,,,,,,,,,,,,,,,
2020-05-26 11:51:00,12.955,12.955,12.94,12.945,4192.0,-0.004999999999999004,0,-5238.0,0,,,,,,,,,,,,,,,,,,,,,
2020-05-26 11:52:00,12.955,12.975,12.955,12.97,14029.0,0.015000000000000568,1,9837.0,1,,,,,,,,,,,,,,,,,,,,,
2020-05-26 11:53:00,12.975,12.995,12.975,12.98,11037.0,0.025000000000000355,1,-2992.0,0,,,,,,,,,,,,,,,,,,,,,
2020-05-26 11:54:00,12.98,12.995,12.975,12.975,26385.0,0.0,0,15348.0,1,,,,,,,,,,,,,,,,,,,,,
2020-05-26 11:55:00,12.975,12.995,12.97,12.995,6950.0,0.01499999999999879,1,-19435.0,0,,,,,,,,,,,,,,,,,,,,,
2020-05-26 11:56:00,12.995,12.995,12.975,12.98,8641.0,0.0050000000000007825,1,1691.0,1,,,,,,,,,,,,,,,,,,,,,
2020-05-26 11:57:00,12.98,12.995,12.98,12.985,21645.0,-0.009999999999999787,0,13004.0,1,,,,,,,,,,,,,,,,,,,,,
2020-05-26 11:58:00,12.995,13.015,12.995,13.0,43877.0,0.01999999999999957,1,22232.0,1,,,,,,,,,,,,,,,,,,,,,
2020-05-26 11:59:00,12.995,13.025,12.985,13.025,19415.0,0.030000000000001137,1,-24462.0,0,,,,,,,,,,,,,,,,,,,,,
2020-05-26 12:00:00,13.02,13.03,12.98,12.99,28000.0,-0.004999999999999004,0,8585.0,1,,,,,,,,,,,,,,,,,,,,,
2020-05-26 12:01:00,12.985,12.99,12.94,12.945,17492.0,-0.07499999999999929,0,-10508.0,0,,,,,,,,,,,,,,,,,,,,,
2020-05-26 12:02:00,12.945,12.955,12.925,12.94,10844.0,-0.04499999999999993,0,-6648.0,0,,,,,,,,,,,,,,,,,,,,,
2020-05-26 12:03:00,12.945,12.945,12.905,12.91,11724.0,-0.035000000000000135,0,880.0,1,,,,,,,,,,,,,,,,,,,,,
2020-05-26 12:04:00,12.91,12.915,12.9,12.915,12257.0,-0.030000000000001137,0,533.0,1,,,,,,,,,,,,,,,,,,,,,
2020-05-26 12:05:00,12.915,12.93,12.915,12.93,5908.0,0.01999999999999957,1,-6349.0,0,,,,,,,,,,,,,,,,,,,,,
2020-05-26 12:06:00,12.93,12.945,12.915,12.945,5266.0,0.030000000000001137,1,-642.0,0,,,,,,,,,,,,,,,,,,,,,
2020-05-26 12:07:00,12.945,12.95,12.935,12.935,7488.0,0.0050000000000007825,1,2222.0,1,,,,,,,,,,,,,,,,,,,,,
2020-05-26 12:08:00,12.94,12.94,12.91,12.93,7115.0,-0.015000000000000568,0,-373.0,0,,,,,,,,,,,,,,,,,,,,,
2020-05-26 12:09:00,12.94,12.945,12.93,12.93,11711.0,-0.009999999999999787,0,4596.0,1,,,,,,,,,,,,,,,,,,,,,
2020-05-26 12:10:00,12.93,12.95,12.93,12.945,13151.0,0.0050000000000007825,1,1440.0,1,,,,,,,,,,,,,,,,,,,,,
2020-05-26 12:11:00,12.945,12.945,12.915,12.915,2215.0,-0.015000000000000568,0,-10936.0,0,,,,,,,,,,,,,,,,,,,,,
2020-05-26 12:12:00,12.915,12.925,12.89,12.905,20497.0,-0.040000000000000924,0,18282.0,1,,,,,,,,,,,,,,,,,,,,,
2020-05-26 12:13:00,12.905,12.905,12.895,12.895,2722.0,-0.01999999999999957,0,-17775.0,0,,,,,,,,,,,,,,,,,,,,,
2020-05-26 12:14:00,12.895,12.895,12.88,12.88,10228.0,-0.024999999999998582,0,7506.0,1,,,,,,,,,,,,,,,,,,,,,
2020-05-26 12:15:00,12.895,12.895,12.865,12.87,8419.0,-0.025000000000000355,0,-1809.0,0,,,,,,,,,,,,,,,,,,,,,
2020-05-26 12:16:00,12.875,12.9,12.875,12.9,3234.0,0.0050000000000007825,1,-5185.0,0,,,,,,,,,,,,,,,,,,,,,
2020-05-26 12:17:00,12.9,12.91,12.875,12.875,8190.0,0.0,0,4956.0,1,,,,,,,,,,,,,,,,,,,,,
2020-05-26 12:18:00,12.88,12.895,12.875,12.895,3543.0,-0.0050000000000007825,0,-4647.0,0,,,,,,,,,,,,,,,,,,,,,
2020-05-26 12:19:00,12.9,12.91,12.89,12.91,8397.0,0.029999999999999364,1,4854.0,1,,,,,,,,,,,,,,,,,,,,,
2020-05-26 12:20:00,12.915,12.925,12.91,12.915,12887.0,0.01499999999999879,1,4490.0,1,,,,,,,,,,,,,,,,,,,,,
2020-05-26 12:21:00,12.905,12.915,12.9,12.9,7678.0,-0.01499999999999879,0,-5209.0,0,,,,,,,,,,,,,,,,,,,,,
2020-05-26 12:22:00,12.9,12.9,12.885,12.89,4075.0,-0.01499999999999879,0,-3603.0,0,,,,,,,,,,,,,,,,,,,,,
2020-05-26 12:23:00,12.905,12.925,12.905,12.915,4652.0,0.01499999999999879,1,577.0,1,,,,,,,,,,,,,,,,,,,,,
2020-05-26 12:24:00,12.92,12.93,12.905,12.93,8121.0,0.025000000000000355,1,3469.0,1,,,,,,,,,,,,,,,,,,,,,
2020-05-26 12:25:00,12.935,12.945,12.92,12.94,5693.0,0.01999999999999957,1,-2428.0,0,,,,,,,,,,,,,,,,,,,,,
2020-05-26 12:26:00,12.94,12.94,12.925,12.93,3295.0,-0.0050000000000007825,0,-2398.0,0,,,,,,,,,,,,,,,,,,,,,
2020-05-26 12:27:00,12.925,12.935,12.92,12.92,5637.0,-0.01999999999999957,0,2342.0,1,,,,,,,,,,,,,,,,,,,,,
2020-05-26 12:28:00,12.92,12.93,12.915,12.93,6296.0,0.004999999999999004,1,659.0,1,,,,,,,,,,,,,,,,,,,,,
2020-05-26 12:29:00,12.935,12.955,12.935,12.955,6360.0,0.035000000000000135,1,64.0,1,,,,,,,,,,,,,,,,,,,,,
2020-05-26 12:30:00,12.95,12.98,12.95,12.965,18886.0,0.029999999999999364,1,12526.0,1,,,,,,,,,,,,,,,,,,,,,
2020-05-26 12:31:00,12.98,12.995,12.975,12.995,1712.0,0.04499999999999993,1,-17174.0,0,,,,,,,,,,,,,,,,,,,,,
2020-05-26 12:32:00,12.99,13.0,12.99,12.99,7850.0,0.009999999999999787,1,6138.0,1,,,,,,,,,,,,,,,,,,,,,
2020-05-26 12:33:00,12.99,12.995,12.985,12.99,3367.0,0.0,0,-4483.0,0,,,,,,,,,,,,,,,,,,,,,
2020-05-26 12:34:00,12.99,12.99,12.985,12.99,2072.0,0.0,0,-1295.0,0,,,,,,,,,,,,,,,,,,,,,
2020-05-26 12:35:00,13.0,13.0,12.995,12.995,4153.0,0.004999999999999004,1,2081.0,1,,,,,,,,,,,,,,,,,,,,,
2020-05-26 12:36:00,12.99,12.995,12.985,12.99,5465.0,-0.009999999999999787,0,1312.0,1,,,,,,,,,,,,,,,,,,,,,
2020-05-26 12:37:00,12.985,12.985,12.97,12.97,7582.0,-0.01999999999999957,0,2117.0,1,,,,,,,,,,,,,,,,,,,,,
2020-05-26 12:38:00,12.975,13.0,12.975,12.995,11710.0,0.009999999999999787,1,4128.0,1,,,,,,,,,,,,,,,,,,,,,
2020-05-26 12:39:00,13.0,13.005,12.98,12.985,14473.0,0.009999999999999787,1,2763.0,1,,,,,,,,,,,,,,,,,,,,,
2020-05-26 12:40:00,12.985,12.985,12.97,12.97,5779.0,-0.029999999999999364,0,-8694.0,0,,,,,,,,,,,,,,,,,,,,,
2020-05-26 12:41:00,12.965,12.965,12.945,12.945,6696.0,-0.03999999999999915,0,917.0,1,,,,,,,,,,,,,,,,,,,,,
2020-05-26 12:42:00,12.945,12.945,12.92,12.92,3664.0,-0.04499999999999993,0,-3032.0,0,,,,,,,,,,,,,,,,,,,,,
2020-05-26 12:43:00,12.925,12.925,12.885,12.9,15068.0,-0.04499999999999993,0,11404.0,1,,,,,,,,,,,,,,,,,,,,,
2020-05-26 12:44:00,12.905,12.92,12.905,12.905,4557.0,-0.02000000000000135,0,-10511.0,0,,,,,,,,,,,,,,,,,,,,,
2020-05-26 12:45:00,12.9,12.91,12.885,12.905,8990.0,0.0,0,4433.0,1,,,,,,,,,,,,,,,,,,,,,
2020-05-26 12:46:00,12.91,12.91,12.895,12.895,2770.0,-0.0050000000000007825,0,-6220.0,0,,,,,,,,,,,,,,,,,,,,,
2020-05-26 12:47:00,12.895,12.9,12.86,12.89,20152.0,-0.01999999999999957,0,17382.0,1,,,,,,,,,,,,,,,,,,,,,
2020-05-26 12:48:00,12.89,12.905,12.89,12.895,1434.0,0.0,0,-18718.0,0,,,,,,,,,,,,,,,,,,,,,
2020-05-26 12:49:00,12.89,12.905,12.89,12.905,1234.0,0.01499999999999879,1,-200.0,0,,,,,,,,,,,,,,,,,,,,,
2020-05-26 12:50:00,12.915,12.925,12.905,12.92,10021.0,0.029999999999999364,1,8787.0,1,,,,,,,,,,,,,,,,,,,,,
2020-05-26 12:51:00,12.92,12.92,12.905,12.915,2839.0,0.0,0,-7182.0,0,,,,,,,,,,,,,,,,,,,,,
2020-05-26 12:52:00,12.91,12.92,12.905,12.92,5550.0,0.0,0,2711.0,1,,,,,,,,,,,,,,,,,,,,,
2020-05-26 12:53:00,12.92,12.925,12.915,12.925,7351.0,0.015000000000000568,1,1801.0,1,,,,,,,,,,,,,,,,,,,,,
2020-05-26 12:54:00,12.925,12.925,12.91,12.915,9602.0,-0.0050000000000007825,0,2251.0,1,,,,,,,,,,,,,,,,,,,,,
2020-05-26 12:55:00,12.92,12.92,12.9,12.9,5848.0,-0.025000000000000355,0,-3754.0,0,,,,,,,,,,,,,,,,,,,,,
2020-05-26 12:56:00,12.91,12.92,12.905,12.91,5267.0,-0.009999999999999787,0,-581.0,0,,,,,,,,,,,,,,,,,,,,,
2020-05-26 12:57:00,12.915,12.915,12.895,12.905,4897.0,-0.0050000000000007825,0,-370.0,0,,,,,,,,,,,,,,,,,,,,,
2020-05-26 12:58:00,12.915,12.915,12.905,12.905,4925.0,-0.009999999999999787,0,28.0,1,,,,,,,,,,,,,,,,,,,,,
2020-05-26 12:59:00,12.91,12.915,12.905,12.91,6344.0,-0.004999999999999004,0,1419.0,1,,,,,,,,,,,,,,,,,,,,,
2020-05-26 13:00:00,12.905,12.91,12.9,12.9,3958.0,-0.009999999999999787,0,-2386.0,0,,,,,,,,,,,,,,,,,,,,,
2020-05-26 13:01:00,12.905,12.905,12.89,12.89,5106.0,-0.01499999999999879,0,1148.0,1,,,,,,,,,,,,,,,,,,,,,
2020-05-26 13:02:00,12.895,12.9,12.885,12.885,4694.0,-0.01999999999999957,0,-412.0,0,,,,,,,,,,,,,,,,,,,,,
2020-05-26 13:03:00,12.88,12.88,12.83,12.84,17200.0,-0.054999999999999716,0,12506.0,1,,,,,,,,,,,,,,,,,,,,,
2020-05-26 13:04:00,12.855,12.855,12.83,12.845,9468.0,-0.035000000000000135,0,-7732.0,0,,,,,,,,,,,,,,,,,,,,,
2020-05-26 13:05:00,12.85,12.85,12.845,12.845,3647.0,-0.009999999999999787,0,-5821.0,0,,,,,,,,,,,,,,,,,,,,,
2020-05-26 13:06:00,12.84,12.84,12.81,12.815,7298.0,-0.035000000000000135,0,3651.0,1,,,,,,,,,,,,,,,,,,,,,
2020-05-26 13:07:00,12.82,12.83,12.82,12.83,2280.0,-0.009999999999999787,0,-5018.0,0,,,,,,,,,,,,,,,,,,,,,
2020-05-26 13:08:00,12.825,12.835,12.825,12.83,3176.0,0.009999999999999787,1,896.0,1,,,,,,,,,,,,,,,,,,,,,
2020-05-26 13:09:00,12.83,12.83,12.805,12.81,6499.0,-0.01499999999999879,0,3323.0,1,,,,,,,,,,,,,,,,,,,,,
2020-05-26 13:10:00,12.81,12.82,12.805,12.815,1677.0,-0.015000000000000568,0,-4822.0,0,,,,,,,,,,,,,,,,,,,,,
2020-05-26 13:11:00,12.815,12.82,12.81,12.81,2653.0,0.0,0,976.0,1,,,,,,,,,,,,,,,,,,,,,
2020-05-26 13:12:00,12.81,12.81,12.79,12.79,8840.0,-0.025000000000000355,0,6187.0,1,,,,,,,,,,,,,,,,,,,,,
2020-05-26 13:13:00,12.785,12.79,12.775,12.785,21973.0,-0.025000000000000355,0,13133.0,1,,,,,,,,,,,,,,,,,,,,,
2020-05-26 13:14:00,12.79,12.805,12.79,12.805,11222.0,0.01999999999999957,1,-10751.0,0,,,,,,,,,,,,,,,,,,,,,
2020-05-26 13:15:00,12.805,12.825,12.8,12.825,5997.0,0.035000000000000135,1,-5225.0,0,,,,,,,,,,,,,,,,,,,,,
2020-05-26 13:16:00,12.81,12.825,12.8,12.81,21659.0,0.0050000000000007825,1,15662.0,1,,,,,,,,,,,,,,,,,,,,,
2020-05-26 13:17:00,12.81,12.84,12.81,12.84,7874.0,0.029999999999999364,1,-13785.0,0,,,,,,,,,,,,,,,,,,,,,
2020-05-26 13:18:00,12.825,12.835,12.805,12.805,3826.0,-0.0050000000000007825,0,-4048.0,0,,,,,,,,,,,,,,,,,,,,,
2020-05-26 13:19:00,12.8,12.815,12.79,12.815,23135.0,-0.009999999999999787,0,19309.0,1,,,,,,,,,,,,,,,,,,,,,
2020-05-26 13:20:00,12.815,12.835,12.805,12.83,4490.0,0.029999999999999364,1,-18645.0,0,,,,,,,,,,,,,,,,,,,,,
2020-05-26 13:21:00,12.83,12.83,12.82,12.82,1589.0,0.0050000000000007825,1,-2901.0,0,,,,,,,,,,,,,,,,,,,,,
2020-05-26 13:22:00,12.82,12.83,12.805,12.81,1760.0,-0.01999999999999957,0,171.0,1,,,,,,,,,,,,,,,,,,,,,
2020-05-26 13:23:00,12.81,12.825,12.81,12.815,1722.0,-0.0050000000000007825,0,-38.0,0,,,,,,,,,,,,,,,,,,,,,
2020-05-26 13:24:00,12.815,12.815,12.805,12.81,3763.0,0.0,0,2041.0,1,,,,,,,,,,,,,,,,,,,,,
2020-05-26 13:25:00,12.81,12.825,12.81,12.825,3286.0,0.009999999999999787,1,-477.0,0,,,,,,,,,,,,,,,,,,,,,
2020-05-26 13:26:00,12.83,12.84,12.83,12.83,5794.0,0.01999999999999957,1,2508.0,1,,,,,,,,,,,,,,,,,,,,,
2020-05-26 13:27:00,12.835,12.85,12.835,12.835,5723.0,0.0050000000000007825,1,-71.0,0,,,,,,,,,,,,,,,,,,,,,
2020-05-26 13:28:00,12.83,12.845,12.83,12.845,4165.0,0.009999999999999787,1,-1558.0,0,,,,,,,,,,,,,,,,,,,,,
2020-05-26 13:29:00,12.85,12.85,12.825,12.83,3945.0,0.0,0,-220.0,0,,,,,,,,,,,,,,,,,,,,,
2020-05-26 13:30:00,12.83,12.84,12.82,12.83,3711.0,-0.01999999999999957,0,-234.0,0,,,,,,,,,,,,,,,,,,,,,
2020-05-26 13:31:00,12.825,12.83,12.82,12.82,3594.0,-0.009999999999999787,0,-117.0,0,,,,,,,,,,,,,,,,,,,,,
2020-05-26 13:32:00,12.82,12.82,12.805,12.81,12079.0,-0.01499999999999879,0,8485.0,1,,,,,,,,,,,,,,,,,,,,,
2020-05-26 13:33:00,12.805,12.81,12.805,12.81,1585.0,-0.009999999999999787,0,-10494.0,0,,,,,,,,,,,,,,,,,,,,,
2020-05-26 13:34:00,12.8,12.815,12.79,12.79,23842.0,-0.015000000000000568,0,22257.0,1,,,,,,,,,,,,,,,,,,,,,
2020-05-26 13:35:00,12.78,12.78,12.76,12.76,4827.0,-0.040000000000000924,0,-19015.0,0,,,,,,,,,,,,,,,,,,,,,
2020-05-26 13:36:00,12.76,12.76,12.745,12.755,4722.0,-0.024999999999998582,0,-105.0,0,,,,,,,,,,,,,,,,,,,,,
2020-05-26 13:37:00,12.755,12.755,12.74,12.74,8964.0,-0.01999999999999957,0,4242.0,1,,,,,,,,,,,,,,,,,,,,,
2020-05-26 13:38:00,12.735,12.755,12.725,12.745,10681.0,-0.010000000000001565,0,1717.0,1,,,,,,,,,,,,,,,,,,,,,
2020-05-26 13:39:00,12.755,12.755,12.745,12.745,2481.0,0.009999999999999787,1,-8200.0,0,,,,,,,,,,,,,,,,,,,,,
2020-05-26 13:40:00,12.75,12.77,12.75,12.755,16517.0,0.0,0,14036.0,1,,,,,,,,,,,,,,,,,,,,,
2020-05-26 13:41:00,12.76,12.76,12.73,12.73,16043.0,-0.01999999999999957,0,-474.0,0,,,,,,,,,,,,,,,,,,,,,
2020-05-26 13:42:00,12.73,12.73,12.72,12.725,4815.0,-0.035000000000000135,0,-11228.0,0,,,,,,,,,,,,,,,,,,,,,
2020-05-26 13:43:00,12.72,12.735,12.72,12.725,39405.0,-0.0050000000000007825,0,34590.0,1,,,,,,,,,,,,,,,,,,,,,
2020-05-26 13:44:00,12.725,12.725,12.71,12.71,5796.0,-0.009999999999999787,0,-33609.0,0,,,,,,,,,,,,,,,,,,,,,
2020-05-26 13:45:00,12.71,12.715,12.705,12.71,1795.0,-0.01499999999999879,0,-4001.0,0,,,,,,,,,,,,,,,,,,,,,
2020-05-26 13:46:00,12.705,12.71,12.7,12.7,9150.0,-0.010000000000001565,0,7355.0,1,,,,,,,,,,,,,,,,,,,,,
2020-05-26 13:47:00,12.705,12.71,12.7,12.705,5641.0,0.0,0,-3509.0,0,,,,,,,,,,,,,,,,,,,,,
2020-05-26 13:48:00,12.725,12.73,12.715,12.715,3566.0,0.009999999999999787,1,-2075.0,0,,,,,,,,,,,,,,,,,,,,,
2020-05-26 13:49:00,12.715,12.725,12.71,12.72,7027.0,-0.004999999999999004,0,3461.0,1,,,,,,,,,,,,,,,,,,,,,
2020-05-26 13:50:00,12.725,12.73,12.72,12.72,1524.0,0.0050000000000007825,1,-5503.0,0,,,,,,,,,,,,,,,,,,,,,
2020-05-26 13:51:00,12.715,12.73,12.715,12.73,10294.0,0.0050000000000007825,1,8770.0,1,,,,,,,,,,,,,,,,,,,,,
2020-05-26 13:52:00,12.72,12.725,12.715,12.725,5253.0,0.009999999999999787,1,-5041.0,0,,,,,,,,,,,,,,,,,,,,,
2020-05-26 13:53:00,12.72,12.74,12.72,12.74,42375.0,0.01999999999999957,1,37122.0,1,,,,,,,,,,,,,,,,,,,,,
2020-05-26 13:54:00,12.74,12.77,12.74,12.755,6768.0,0.035000000000000135,1,-35607.0,0,,,,,,,,,,,,,,,,,,,,,
2020-05-26 13:55:00,12.755,12.76,12.74,12.74,14630.0,0.0,0,7862.0,1,,,,,,,,,,,,,,,,,,,,,
2020-05-26 13:56:00,12.755,12.76,12.75,12.75,3034.0,-0.0050000000000007825,0,-11596.0,0,,,,,,,,,,,,,,,,,,,,,
2020-05-26 13:57:00,12.74,12.74,12.73,12.74,4572.0,-0.015000000000000568,0,1538.0,1,,,,,,,,,,,,,,,,,,,,,
2020-05-26 13:58:00,12.735,12.735,12.725,12.725,1370.0,-0.015000000000000568,0,-3202.0,0,,,,,,,,,,,,,,,,,,,,,
2020-05-26 13:59:00,12.735,12.745,12.725,12.74,9365.0,0.0050000000000007825,1,7995.0,1,,,,,,,,,,,,,,,,,,,,,
2020-05-26 14:00:00,12.745,12.765,12.745,12.76,21463.0,0.025000000000000355,1,12098.0,1,,,,,,,,,,,,,,,,,,,,,
2020-05-26 14:01:00,12.77,12.775,12.76,12.775,4466.0,0.030000000000001137,1,-16997.0,0,,,,,,,,,,,,,,,,,,,,,
2020-05-26 14:02:00,12.77,12.77,12.755,12.755,2017.0,-0.01499999999999879,0,-2449.0,0,,,,,,,,,,,,,,,,,,,,,
2020-05-26 14:03:00,12.755,12.765,12.745,12.765,12344.0,-0.004999999999999004,0,10327.0,1,,,,,,,,,,,,,,,,,,,,,
2020-05-26 14:04:00,12.755,12.765,12.755,12.765,732.0,0.009999999999999787,1,-11612.0,0,,,,,,,,,,,,,,,,,,,,,
2020-05-26 14:05:00,12.765,12.765,12.75,12.755,4775.0,0.0,0,4043.0,1,,,,,,,,,,,,,,,,,,,,,
2020-05-26 14:06:00,12.76,12.775,12.75,12.775,4873.0,0.009999999999999787,1,98.0,1,,,,,,,,,,,,,,,,,,,,,
2020-05-26 14:07:00,12.775,12.775,12.73,12.73,4988.0,-0.029999999999999364,0,115.0,1,,,,,,,,,,,,,,,,,,,,,
2020-05-26 14:08:00,12.73,12.73,12.72,12.725,5841.0,-0.05000000000000071,0,853.0,1,,,,,,,,,,,,,,,,,,,,,
2020-05-26 14:09:00,12.725,12.74,12.725,12.725,3242.0,-0.0050000000000007825,0,-2599.0,0,,,,,,,,,,,,,,,,,,,,,
2020-05-26 14:10:00,12.725,12.74,12.725,12.735,1737.0,0.009999999999999787,1,-1505.0,0,,,,,,,,,,,,,,,,,,,,,
2020-05-26 14:11:00,12.745,12.755,12.745,12.75,7969.0,0.025000000000000355,1,6232.0,1,,,,,,,,,,,,,,,,,,,,,
2020-05-26 14:12:00,12.755,12.755,12.75,12.75,4668.0,0.0050000000000007825,1,-3301.0,0,,,,,,,,,,,,,,,,,,,,,
2020-05-26 14:13:00,12.755,12.775,12.755,12.77,8080.0,0.01499999999999879,1,3412.0,1,,,,,,,,,,,,,,,,,,,,,
2020-05-26 14:14:00,12.775,12.775,12.77,12.77,2485.0,0.01499999999999879,1,-5595.0,0,,,,,,,,,,,,,,,,,,,,,
2020-05-26 14:15:00,12.77,12.785,12.77,12.78,3328.0,0.004999999999999004,1,843.0,1,,,,,,,,,,,,,,,,,,,,,
2020-05-26 14:16:00,12.78,12.79,12.78,12.785,4448.0,0.015000000000000568,1,1120.0,1,,,,,,,,,,,,,,,,,,,,,
2020-05-26 14:17:00,12.785,12.79,12.785,12.79,3862.0,0.009999999999999787,1,-586.0,0,,,,,,,,,,,,,,,,,,,,,
2020-05-26 14:18:00,12.79,12.8,12.79,12.795,2929.0,0.009999999999999787,1,-933.0,0,,,,,,,,,,,,,,,,,,,,,
2020-05-26 14:19:00,12.8,12.825,12.8,12.825,18617.0,0.035000000000000135,1,15688.0,1,,,,,,,,,,,,,,,,,,,,,
2020-05-26 14:20:00,12.82,12.83,12.82,12.83,3310.0,0.029999999999999364,1,-15307.0,0,,,,,,,,,,,,,,,,,,,,,
2020-05-26 14:21:00,12.825,12.855,12.825,12.85,14785.0,0.029999999999999364,1,11475.0,1,,,,,,,,,,,,,,,,,,,,,
2020-05-26 14:22:00,12.86,12.86,12.85,12.855,13787.0,0.030000000000001137,1,-998.0,0,,,,,,,,,,,,,,,,,,,,,
2020-05-26 14:23:00,12.855,12.865,12.845,12.85,7154.0,-0.009999999999999787,0,-6633.0,0,,,,,,,,,,,,,,,,,,,,,
2020-05-26 14:24:00,12.86,12.865,12.855,12.855,3839.0,0.0,0,-3315.0,0,,,,,,,,,,,,,,,,,,,,,
2020-05-26 14:25:00,12.855,12.855,12.85,12.85,2417.0,-0.009999999999999787,0,-1422.0,0,,,,,,,,,,,,,,,,,,,,,
2020-05-26 14:26:00,12.85,12.865,12.85,12.865,4889.0,0.009999999999999787,1,2472.0,1,,,,,,,,,,,,,,,,,,,,,
2020-05-26 14:27:00,12.865,12.88,12.86,12.88,9703.0,0.030000000000001137,1,4814.0,1,,,,,,,,,,,,,,,,,,,,,
2020-05-26 14:28:00,12.87,12.89,12.87,12.88,4482.0,0.015000000000000568,1,-5221.0,0,,,,,,,,,,,,,,,,,,,,,
2020-05-26 14:29:00,12.88,12.89,12.875,12.89,9843.0,0.02000000000000135,1,5361.0,1,,,,,,,,,,,,,,,,,,,,,
2020-05-26 14:30:00,12.895,12.895,12.885,12.89,3929.0,0.009999999999999787,1,-5914.0,0,,,,,,,,,,,,,,,,,,,,,
2020-05-26 14:31:00,12.89,12.89,12.88,12.88,3590.0,-0.01499999999999879,0,-339.0,0,,,,,,,,,,,,,,,,,,,,,
2020-05-26 14:32:00,12.88,12.895,12.875,12.89,10324.0,0.0,0,6734.0,1,,,,,,,,,,,,,,,,,,,,,
2020-05-26 14:33:00,12.895,12.895,12.88,12.88,1890.0,0.0,0,-8434.0,0,,,,,,,,,,,,,,,,,,,,,
2020-05-26 14:34:00,12.88,12.88,12.87,12.88,7272.0,-0.01499999999999879,0,5382.0,1,,,,,,,,,,,,,,,,,,,,,
2020-05-26 14:35:00,12.875,12.905,12.875,12.9,44374.0,0.01999999999999957,1,37102.0,1,,,,,,,,,,,,,,,,,,,,,
2020-05-26 14:36:00,12.895,12.905,12.885,12.89,4289.0,0.015000000000000568,1,-40085.0,0,,,,,,,,,,,,,,,,,,,,,
2020-05-26 14:37:00,12.885,12.885,12.87,12.875,1077.0,-0.01999999999999957,0,-3212.0,0,,,,,,,,,,,,,,,,,,,,,
2020-05-26 14:38:00,12.87,12.87,12.85,12.86,23869.0,-0.025000000000000355,0,22792.0,1,,,,,,,,,,,,,,,,,,,,,
2020-05-26 14:39:00,12.865,12.875,12.865,12.875,3351.0,0.0050000000000007825,1,-20518.0,0,,,,,,,,,,,,,,,,,,,,,
2020-05-26 14:40:00,12.875,12.88,12.875,12.875,3840.0,0.009999999999999787,1,489.0,1,,,,,,,,,,,,,,,,,,,,,
2020-05-26 14:41:00,12.87,12.87,12.85,12.85,5449.0,-0.025000000000000355,0,1609.0,1,,,,,,,,,,,,,,,,,,,,,
2020-05-26 14:42:00,12.855,12.86,12.85,12.85,3556.0,-0.01999999999999957,0,-1893.0,0,,,,,,,,,,,,,,,,,,,,,
2020-05-26 14:43:00,12.86,12.87,12.86,12.865,1583.0,0.009999999999999787,1,-1973.0,0,,,,,,,,,,,,,,,,,,,,,
2020-05-26 14:44:00,12.865,12.865,12.86,12.86,3245.0,0.0,0,1662.0,1,,,,,,,,,,,,,,,,,,,,,
2020-05-26 14:45:00,12.86,12.86,12.845,12.845,3090.0,-0.01999999999999957,0,-155.0,0,,,,,,,,,,,,,,,,,,,,,
2020-05-26 14:46:00,12.845,12.85,12.845,12.845,1065.0,-0.01499999999999879,0,-2025.0,0,,,,,,,,,,,,,,,,,,,,,
2020-05-26 14:47:00,12.845,12.865,12.845,12.865,10576.0,0.01999999999999957,1,9511.0,1,,,,,,,,,,,,,,,,,,,,,
2020-05-26 14:48:00,12.865,12.87,12.85,12.86,15344.0,0.01499999999999879,1,4768.0,1,,,,,,,,,,,,,,,,,,,,,
2020-05-26 14:49:00,12.855,12.855,12.83,12.835,7924.0,-0.029999999999999364,0,-7420.0,0,,,,,,,,,,,,,,,,,,,,,
2020-05-26 14:50:00,12.84,12.85,12.84,12.85,1825.0,-0.0050000000000007825,0,-6099.0,0,,,,,,,,,,,,,,,,,,,,,
2020-05-26 14:51:00,12.85,12.86,12.85,12.86,7512.0,0.01999999999999957,1,5687.0,1,,,,,,,,,,,,,,,,,,,,,
2020-05-26 14:52:00,12.86,12.865,12.85,12.855,12184.0,0.0050000000000007825,1,4672.0,1,,,,,,,,,,,,,,,,,,,,,
2020-05-26 14:53:00,12.86,12.865,12.855,12.86,4004.0,0.0,0,-8180.0,0,,,,,,,,,,,,,,,,,,,,,
2020-05-26 14:54:00,12.86,12.86,12.855,12.86,4704.0,0.0,0,700.0,1,,,,,,,,,,,,,,,,,,,,,
2020-05-26 14:55:00,12.86,12.865,12.845,12.845,3208.0,-0.01499999999999879,0,-1496.0,0,,,,,,,,,,,,,,,,,,,,,
2020-05-26 14:56:00,12.845,12.85,12.84,12.84,4730.0,-0.01999999999999957,0,1522.0,1,,,,,,,,,,,,,,,,,,,,,
2020-05-26 14:57:00,12.845,12.85,12.83,12.85,7117.0,0.004999999999999004,1,2387.0,1,,,,,,,,,,,,,,,,,,,,,
2020-05-26 14:58:00,12.845,12.855,12.84,12.84,4302.0,-0.0050000000000007825,0,-2815.0,0,,,,,,,,,,,,,,,,,,,,,
2020-05-26 14:59:00,12.84,12.84,12.8,12.805,16799.0,-0.040000000000000924,0,12497.0,1,,,,,,,,,,,,,,,,,,,,,
2020-05-26 15:00:00,12.8,12.805,12.77,12.785,9899.0,-0.054999999999999716,0,-6900.0,0,,,,,,,,,,,,,,,,,,,,,
2020-05-26 15:01:00,12.785,12.79,12.78,12.78,13309.0,-0.02000000000000135,0,3410.0,1,,,,,,,,,,,,,,,,,,,,,
2020-05-26 15:02:00,12.785,12.8,12.785,12.8,41826.0,0.015000000000000568,1,28517.0,1,,,,,,,,,,,,,,,,,,,,,
2020-05-26 15:03:00,12.795,12.845,12.795,12.83,21212.0,0.04499999999999993,1,-20614.0,0,,,,,,,,,,,,,,,,,,,,,
2020-05-26 15:04:00,12.84,12.84,12.825,12.83,1948.0,0.035000000000000135,1,-19264.0,0,,,,,,,,,,,,,,,,,,,,,
2020-05-26 15:05:00,12.835,12.84,12.82,12.82,2952.0,-0.01999999999999957,0,1004.0,1,,,,,,,,,,,,,,,,,,,,,
2020-05-26 15:06:00,12.82,12.84,12.82,12.825,5995.0,-0.010000000000001565,0,3043.0,1,,,,,,,,,,,,,,,,,,,,,
2020-05-26 15:07:00,12.815,12.855,12.78,12.785,45742.0,-0.035000000000000135,0,39747.0,1,,,,,,,,,,,,,,,,,,,,,
2020-05-26 15:08:00,12.78,12.785,12.765,12.77,5863.0,-0.04499999999999993,0,-39879.0,0,,,,,,,,,,,,,,,,,,,,,
2020-05-26 15:09:00,12.775,12.805,12.775,12.805,3213.0,0.025000000000000355,1,-2650.0,0,,,,,,,,,,,,,,,,,,,,,
2020-05-26 15:10:00,12.81,12.815,12.795,12.8,3346.0,0.025000000000000355,1,133.0,1,,,,,,,,,,,,,,,,,,,,,
2020-05-26 15:11:00,12.795,12.85,12.795,12.84,19111.0,0.029999999999999364,1,15765.0,1,,,,,,,,,,,,,,,,,,,,,
2020-05-26 15:12:00,12.84,12.85,12.815,12.85,24194.0,0.054999999999999716,1,5083.0,1,,,,,,,,,,,,,,,,,,,,,
2020-05-26 15:13:00,12.84,12.845,12.83,12.835,7707.0,-0.004999999999999004,0,-16487.0,0,,,,,,,,,,,,,,,,,,,,,
2020-05-26 15:14:00,12.83,12.835,12.81,12.82,1549.0,-0.01999999999999957,0,-6158.0,0,,,,,,,,,,,,,,,,,,,,,
2020-05-26 15:15:00,12.81,12.83,12.81,12.82,3942.0,-0.009999999999999787,0,2393.0,1,,,,,,,,,,,,,,,,,,,,,
2020-05-26 15:16:00,12.82,12.83,12.81,12.81,4144.0,0.0,0,202.0,1,,,,,,,,,,,,,,,,,,,,,
2020-05-26 15:17:00,12.81,12.81,12.795,12.805,1627.0,-0.015000000000000568,0,-2517.0,0,,,,,,,,,,,,,,,,,,,,,
2020-05-26 15:18:00,12.805,12.815,12.8,12.805,6468.0,-0.0050000000000007825,0,4841.0,1,,,,,,,,,,,,,,,,,,,,,
2020-05-26 15:19:00,12.81,12.835,12.81,12.82,7433.0,0.015000000000000568,1,965.0,1,,,,,,,,,,,,,,,,,,,,,
2020-05-26 15:20:00,12.81,12.825,12.805,12.825,5111.0,0.01499999999999879,1,-2322.0,0,,,,,,,,,,,,,,,,,,,,,
2020-05-26 15:21:00,12.825,12.83,12.815,12.825,5334.0,0.01499999999999879,1,223.0,1,,,,,,,,,,,,,,,,,,,,,
2020-05-26 15:22:00,12.83,12.83,12.81,12.82,3349.0,-0.004999999999999004,0,-1985.0,0,,,,,,,,,,,,,,,,,,,,,
2020-05-26 15:23:00,12.815,12.82,12.81,12.81,3559.0,-0.01999999999999957,0,210.0,1,,,,,,,,,,,,,,,,,,,,,
2020-05-26 15:24:00,12.81,12.83,12.81,12.825,4482.0,0.009999999999999787,1,923.0,1,,,,,,,,,,,,,,,,,,,,,
2020-05-26 15:25:00,12.82,12.825,12.815,12.82,5646.0,0.009999999999999787,1,1164.0,1,,,,,,,,,,,,,,,,,,,,,
2020-05-26 15:26:00,12.82,12.82,12.79,12.79,2889.0,-0.030000000000001137,0,-2757.0,0,,,,,,,,,,,,,,,,,,,,,
2020-05-26 15:27:00,12.8,12.8,12.785,12.79,4429.0,-0.030000000000001137,0,1540.0,1,,,,,,,,,,,,,,,,,,,,,
2020-05-26 15:28:00,12.795,12.795,12.785,12.79,4993.0,-0.010000000000001565,0,564.0,1,,,,,,,,,,,,,,,,,,,,,
2020-05-26 15:29:00,12.79,12.8,12.78,12.785,3417.0,-0.009999999999999787,0,-1576.0,0,,,,,,,,,,,,,,,,,,,,,
2020-05-26 15:30:00,12.785,12.815,12.785,12.8,15044.0,0.010000000000001565,1,11627.0,1,,,,,,,,,,,,,,,,,,,,,
2020-05-26 15:31:00,12.8,12.805,12.77,12.775,11527.0,-0.009999999999999787,0,-3517.0,0,,,,,,,,,,,,,,,,,,,,,
2020-05-26 15:32:00,12.77,12.81,12.77,12.79,14232.0,-0.010000000000001565,0,2705.0,1,,,,,,,,,,,,,,,,,,,,,
2020-05-26 15:33:00,12.79,12.83,12.79,12.83,15983.0,0.0600000000000005,1,1751.0,1,,,,,,,,,,,,,,,,,,,,,
2020-05-26 15:34:00,12.825,12.835,12.815,12.83,7412.0,0.040000000000000924,1,-8571.0,0,,,,,,,,,,,,,,,,,,,,,
2020-05-26 15:35:00,12.825,12.825,12.805,12.825,5662.0,0.0,0,-1750.0,0,,,,,,,,,,,,,,,,,,,,,
2020-05-26 15:36:00,12.82,12.835,12.79,12.79,9922.0,-0.035000000000000135,0,4260.0,1,,,,,,,,,,,,,,,,,,,,,
2020-05-26 15:37:00,12.785,12.79,12.765,12.775,2801.0,-0.04499999999999993,0,-7121.0,0,,,,,,,,,,,,,,,,,,,,,
2020-05-26 15:38:00,12.78,12.79,12.775,12.79,2246.0,0.004999999999999004,1,-555.0,0,,,,,,,,,,,,,,,,,,,,,
2020-05-26 15:39:00,12.79,12.81,12.79,12.8,12590.0,0.02000000000000135,1,10344.0,1,,,,,,,,,,,,,,,,,,,,,
2020-05-26 15:40:00,12.795,12.81,12.795,12.795,5987.0,0.0050000000000007825,1,-6603.0,0,,,,,,,,,,,,,,,,,,,,,
2020-05-26 15:41:00,12.795,12.835,12.795,12.83,10379.0,0.035000000000000135,1,4392.0,1,,,,,,,,,,,,,,,,,,,,,
2020-05-26 15:42:00,12.84,12.88,12.84,12.88,20437.0,0.08500000000000085,1,10058.0,1,,,,,,,,,,,,,,,,,,,,,
2020-05-26 15:43:00,12.895,12.925,12.89,12.905,20248.0,0.0649999999999995,1,-189.0,0,,,,,,,,,,,,,,,,,,,,,
2020-05-26 15:44:00,12.905,12.91,12.87,12.875,6565.0,-0.01999999999999957,0,-13683.0,0,,,,,,,,,,,,,,,,,,,,,
2020-05-26 15:45:00,12.87,12.87,12.85,12.855,7193.0,-0.04999999999999893,0,628.0,1,,,,,,,,,,,,,,,,,,,,,
2020-05-26 15:46:00,12.86,12.86,12.825,12.83,4189.0,-0.03999999999999915,0,-3004.0,0,,,,,,,,,,,,,,,,,,,,,
2020-05-26 15:47:00,12.825,12.855,12.825,12.855,14198.0,-0.004999999999999004,0,10009.0,1,,,,,,,,,,,,,,,,,,,,,
2020-05-26 15:48:00,12.855,12.86,12.85,12.85,7624.0,0.025000000000000355,1,-6574.0,0,,,,,,,,,,,,,,,,,,,,,
2020-05-26 15:49:00,12.85,12.855,12.85,12.855,4623.0,0.0,0,-3001.0,0,,,,,,,,,,,,,,,,,,,,,
2020-05-26 15:50:00,12.85,12.87,12.85,12.855,6610.0,0.0050000000000007825,1,1987.0,1,,,,,,,,,,,,,,,,,,,,,
2020-05-26 15:51:00,12.855,12.875,12.85,12.855,5735.0,0.0050000000000007825,1,-875.0,0,,,,,,,,,,,,,,,,,,,,,
2020-05-26 15:52:00,12.84,12.845,12.83,12.835,7014.0,-0.01999999999999957,0,1279.0,1,,,,,,,,,,,,,,,,,,,,,
2020-05-26 15:53:00,12.845,12.86,12.845,12.845,9192.0,0.0050000000000007825,1,2178.0,1,,,,,,,,,,,,,,,,,,,,,
2020-05-26 15:54:00,12.845,12.845,12.825,12.825,1756.0,-0.02000000000000135,0,-7436.0,0,,,,,,,,,,,,,,,,,,,,,
2020-05-26 15:55:00,12.825,12.825,12.8,12.8,11014.0,-0.04499999999999993,0,9258.0,1,,,,,,,,,,,,,,,,,,,,,
2020-05-26 15:56:00,12.805,12.81,12.795,12.8,8227.0,-0.024999999999998582,0,-2787.0,0,,,,,,,,,,,,,,,,,,,,,
2020-05-26 15:57:00,12.795,12.805,12.78,12.78,3625.0,-0.025000000000000355,0,-4602.0,0,,,,,,,,,,,,,,,,,,,,,
2020-05-26 15:58:00,12.78,12.795,12.775,12.795,12636.0,0.0,0,9011.0,1,,,,,,,,,,,,,,,,,,,,,
2020-05-26 15:59:00,12.785,12.81,12.785,12.81,3538.0,0.030000000000001137,1,-9098.0,0,,,,,,,,,,,,,,,,,,,,,
2020-05-26 16:00:00,12.81,12.815,12.785,12.785,4669.0,0.0,0,1131.0,1,,,,,,,,,,,,,,,,,,,,,
2020-05-26 16:01:00,12.785,12.81,12.78,12.805,3081.0,-0.0050000000000007825,0,-1588.0,0,,,,,,,,,,,,,,,,,,,,,
2020-05-26 16:02:00,12.805,12.815,12.805,12.81,1315.0,0.025000000000000355,1,-1766.0,0,,,,,,,,,,,,,,,,,,,,,
2020-05-26 16:03:00,12.82,12.825,12.81,12.825,7021.0,0.01999999999999957,1,5706.0,1,,,,,,,,,,,,,,,,,,,,,
2020-05-26 16:04:00,12.825,12.825,12.8,12.805,5368.0,-0.015000000000000568,0,-1653.0,0,,,,,,,,,,,,,,,,,,,,,
2020-05-26 16:05:00,12.815,12.835,12.81,12.835,7635.0,0.010000000000001565,1,2267.0,1,,,,,,,,,,,,,,,,,,,,,
2020-05-26 16:06:00,12.825,12.865,12.825,12.85,5364.0,0.035000000000000135,1,-2271.0,0,,,,,,,,,,,,,,,,,,,,,
2020-05-26 16:07:00,12.855,12.86,12.84,12.85,3054.0,0.025000000000000355,1,-2310.0,0,,,,,,,,,,,,,,,,,,,,,
2020-05-26 16:08:00,12.845,12.85,12.815,12.825,6344.0,-0.030000000000001137,0,3290.0,1,,,,,,,,,,,,,,,,,,,,,
2020-05-26 16:09:00,12.82,12.82,12.805,12.805,8055.0,-0.040000000000000924,0,1711.0,1,,,,,,,,,,,,,,,,,,,,,
2020-05-26 16:10:00,12.805,12.845,12.8,12.835,13321.0,0.015000000000000568,1,5266.0,1,,,,,,,,,,,,,,,,,,,,,
2020-05-26 16:11:00,12.83,12.845,12.82,12.84,11147.0,0.035000000000000135,1,-2174.0,0,,,,,,,,,,,,,,,,,,,,,
2020-05-26 16:12:00,12.84,12.86,12.84,12.85,7019.0,0.01999999999999957,1,-4128.0,0,,,,,,,,,,,,,,,,,,,,,
2020-05-26 16:13:00,12.86,12.87,12.855,12.86,7422.0,0.01999999999999957,1,403.0,1,,,,,,,,,,,,,,,,,,,,,
2020-05-26 16:14:00,12.86,12.875,12.845,12.845,11594.0,-0.01499999999999879,0,4172.0,1,,,,,,,,,,,,,,,,,,,,,
2020-05-26 16:15:00,12.85,12.865,12.85,12.86,11957.0,0.0,0,363.0,1,,,,,,,,,,,,,,,,,,,,,
2020-05-26 16:16:00,12.855,12.86,12.845,12.85,4839.0,0.0,0,-7118.0,0,,,,,,,,,,,,,,,,,,,,,
2020-05-26 16:17:00,12.855,12.89,12.85,12.89,32700.0,0.035000000000000135,1,27861.0,1,,,,,,,,,,,,,,,,,,,,,
2020-05-26 16:18:00,12.89,12.9,12.885,12.9,10915.0,0.04499999999999993,1,-21785.0,0,,,,,,,,,,,,,,,,,,,,,
2020-05-26 16:19:00,12.905,12.925,12.905,12.905,9109.0,0.01499999999999879,1,-1806.0,0,,,,,,,,,,,,,,,,,,,,,
2020-05-26 16:20:00,12.905,12.905,12.89,12.895,5401.0,-0.009999999999999787,0,-3708.0,0,,,,,,,,,,,,,,,,,,,,,
2020-05-26 16:21:00,12.895,12.91,12.895,12.905,5609.0,0.0,0,208.0,1,,,,,,,,,,,,,,,,,,,,,
2020-05-26 16:22:00,12.905,12.91,12.895,12.91,29112.0,0.015000000000000568,1,23503.0,1,,,,,,,,,,,,,,,,,,,,,
2020-05-26 16:23:00,12.915,12.92,12.9,12.9,8977.0,-0.004999999999999004,0,-20135.0,0,,,,,,,,,,,,,,,,,,,,,
2020-05-26 16:24:00,12.9,12.905,12.895,12.9,8071.0,-0.01499999999999879,0,-906.0,0,,,,,,,,,,,,,,,,,,,,,
2020-05-26 16:25:00,12.91,12.915,12.885,12.885,10323.0,-0.015000000000000568,0,2252.0,1,,,,,,,,,,,,,,,,,,,,,
2020-05-26 16:26:00,12.89,12.905,12.89,12.9,11837.0,-0.009999999999999787,0,1514.0,1,,,,,,,,,,,,,,,,,,,,,
2020-05-26 16:27:00,12.905,12.92,12.89,12.89,15152.0,0.0,0,3315.0,1,,,,,,,,,,,,,,,,,,,,,
2020-05-26 16:28:00,12.885,12.89,12.87,12.875,5296.0,-0.029999999999999364,0,-9856.0,0,,,,,,,,,,,,,,,,,,,,,
2020-05-26 16:29:00,12.875,12.91,12.875,12.9,8436.0,0.015000000000000568,1,3140.0,1,,,,,,,,,,,,,,,,,,,,,
2020-05-26 16:30:00,12.905,12.935,12.9,12.93,13483.0,0.054999999999999716,1,5047.0,1,,,,,,,,,,,,,,,,,,,,,
2020-05-26 16:31:00,12.935,12.945,12.895,12.94,42694.0,0.035000000000000135,1,29211.0,1,,,,,,,,,,,,,,,,,,,,,
2020-05-26 16:32:00,12.935,12.96,12.935,12.955,22401.0,0.01999999999999957,1,-20293.0,0,,,,,,,,,,,,,,,,,,,,,
2020-05-26 16:33:00,12.95,12.955,12.94,12.94,4098.0,0.004999999999999004,1,-18303.0,0,,,,,,,,,,,,,,,,,,,,,
2020-05-26 16:34:00,12.935,12.955,12.935,12.95,10052.0,0.0,0,5954.0,1,,,,,,,,,,,,,,,,,,,,,
2020-05-26 16:35:00,12.95,12.965,12.945,12.96,10139.0,0.025000000000000355,1,87.0,1,,,,,,,,,,,,,,,,,,,,,
2020-05-26 16:36:00,12.95,12.965,12.95,12.955,9325.0,0.0050000000000007825,1,-814.0,0,,,,,,,,,,,,,,,,,,,,,
2020-05-26 16:37:00,12.96,12.96,12.925,12.93,9686.0,-0.01999999999999957,0,361.0,1,,,,,,,,,,,,,,,,,,,,,
2020-05-26 16:38:00,12.92,12.935,12.92,12.935,4853.0,-0.025000000000000355,0,-4833.0,0,,,,,,,,,,,,,,,,,,,,,
2020-05-26 16:39:00,12.935,12.945,12.92,12.925,25438.0,0.0050000000000007825,1,20585.0,1,,,,,,,,,,,,,,,,,,,,,
2020-05-26 16:40:00,12.93,12.955,12.91,12.935,50049.0,0.0,0,24611.0,1,,,,,,,,,,,,,,,,,,,,,
2020-05-26 16:41:00,12.935,12.975,12.935,12.97,19229.0,0.040000000000000924,1,-30820.0,0,,,,,,,,,,,,,,,,,,,,,
2020-05-26 16:42:00,12.965,12.98,12.965,12.97,8641.0,0.035000000000000135,1,-10588.0,0,,,,,,,,,,,,,,,,,,,,,
2020-05-26 16:43:00,12.975,12.975,12.94,12.94,17052.0,-0.025000000000000355,0,8411.0,1,,,,,,,,,,,,,,,,,,,,,
2020-05-26 16:44:00,12.94,12.945,12.92,12.92,6668.0,-0.054999999999999716,0,-10384.0,0,,,,,,,,,,,,,,,,,,,,,
2020-05-26 16:45:00,12.925,12.945,12.925,12.93,6500.0,-0.009999999999999787,0,-168.0,0,,,,,,,,,,,,,,,,,,,,,
2020-05-26 16:46:00,12.93,12.935,12.93,12.935,4584.0,0.009999999999999787,1,-1916.0,0,,,,,,,,,,,,,,,,,,,,,
2020-05-26 16:47:00,12.94,12.945,12.935,12.94,4500.0,0.009999999999999787,1,-84.0,0,,,,,,,,,,,,,,,,,,,,,
2020-05-26 16:48:00,12.94,12.955,12.935,12.95,7496.0,0.009999999999999787,1,2996.0,1,,,,,,,,,,,,,,,,,,,,,
2020-05-26 16:49:00,12.945,12.945,12.935,12.935,6508.0,-0.004999999999999004,0,-988.0,0,,,,,,,,,,,,,,,,,,,,,
2020-05-26 16:50:00,12.935,12.935,12.91,12.91,7485.0,-0.035000000000000135,0,977.0,1,,,,,,,,,,,,,,,,,,,,,
2020-05-26 16:51:00,12.915,12.945,12.915,12.945,9039.0,0.009999999999999787,1,1554.0,1,,,,,,,,,,,,,,,,,,,,,
2020-05-26 16:52:00,12.945,12.97,12.945,12.97,14769.0,0.055000000000001485,1,5730.0,1,,,,,,,,,,,,,,,,,,,,,
2020-05-26 16:53:00,12.96,12.98,12.96,12.97,7220.0,0.025000000000000355,1,-7549.0,0,,,,,,,,,,,,,,,,,,,,,
2020-05-26 16:54:00,12.97,12.97,12.94,12.95,22216.0,-0.010000000000001565,0,14996.0,1,,,,,,,,,,,,,,,,,,,,,
2020-05-26 16:55:00,12.95,12.95,12.93,12.93,10712.0,-0.040000000000000924,0,-11504.0,0,,,,,,,,,,,,,,,,,,,,,
2020-05-26 16:56:00,12.93,12.93,12.92,12.92,8472.0,-0.029999999999999364,0,-2240.0,0,,,,,,,,,,,,,,,,,,,,,
2020-05-26 16:57:00,12.93,12.945,12.93,12.935,4365.0,0.0050000000000007825,1,-4107.0,0,,,,,,,,,,,,,,,,,,,,,
2020-05-26 16:58:00,12.935,12.94,12.93,12.93,10104.0,0.0,0,5739.0,1,,,,,,,,,,,,,,,,,,,,,
2020-05-26 16:59:00,12.935,12.94,12.935,12.935,2926.0,0.0,0,-7178.0,0,,,,,,,,,,,,,,,,,,,,,
2020-05-26 17:00:00,12.94,12.94,12.93,12.94,5484.0,0.004999999999999004,1,2558.0,1,,,,,,,,,,,,,,,,,,,,,
2020-05-26 17:01:00,12.945,12.945,12.935,12.94,15882.0,0.0,0,10398.0,1,,,,,,,,,,,,,,,,,,,,,
2020-05-26 17:02:00,12.945,12.945,12.93,12.945,3485.0,0.0,0,-12397.0,0,,,,,,,,,,,,,,,,,,,,,
2020-05-26 17:03:00,12.945,12.945,12.93,12.93,6394.0,-0.015000000000000568,0,2909.0,1,,,,,,,,,,,,,,,,,,,,,
2020-05-26 17:04:00,12.935,12.94,12.93,12.93,2505.0,-0.015000000000000568,0,-3889.0,0,,,,,,,,,,,,,,,,,,,,,
2020-05-26 17:05:00,12.925,12.925,12.92,12.925,7614.0,-0.009999999999999787,0,5109.0,1,,,,,,,,,,,,,,,,,,,,,
2020-05-26 17:06:00,12.92,12.925,12.92,12.92,4880.0,-0.0050000000000007825,0,-2734.0,0,,,,,,,,,,,,,,,,,,,,,
2020-05-26 17:07:00,12.925,12.94,12.92,12.935,7353.0,0.015000000000000568,1,2473.0,1,,,,,,,,,,,,,,,,,,,,,
2020-05-26 17:08:00,12.945,12.955,12.945,12.95,12533.0,0.024999999999998582,1,5180.0,1,,,,,,,,,,,,,,,,,,,,,
2020-05-26 17:09:00,12.95,12.97,12.94,12.96,24719.0,0.015000000000000568,1,12186.0,1,,,,,,,,,,,,,,,,,,,,,
2020-05-26 17:10:00,12.96,12.96,12.945,12.945,13391.0,-0.004999999999999004,0,-11328.0,0,,,,,,,,,,,,,,,,,,,,,
2020-05-26 17:11:00,12.94,12.955,12.93,12.935,21759.0,-0.025000000000000355,0,8368.0,1,,,,,,,,,,,,,,,,,,,,,
2020-05-26 17:12:00,12.945,12.95,12.93,12.93,23288.0,-0.009999999999999787,0,1529.0,1,,,,,,,,,,,,,,,,,,,,,
2020-05-26 17:13:00,12.935,12.945,12.93,12.945,17031.0,0.0,0,-6257.0,0,,,,,,,,,,,,,,,,,,,,,
2020-05-26 17:14:00,12.94,12.94,12.915,12.925,17764.0,-0.009999999999999787,0,733.0,1,,,,,,,,,,,,,,,,,,,,,
2020-05-26 17:15:00,12.93,12.93,12.925,12.93,8837.0,-0.009999999999999787,0,-8927.0,0,,,,,,,,,,,,,,,,,,,,,
2020-05-26 17:16:00,12.93,12.94,12.93,12.935,23705.0,0.0050000000000007825,1,14868.0,1,,,,,,,,,,,,,,,,,,,,,
2020-05-26 17:17:00,12.94,12.94,12.93,12.93,14837.0,0.0,0,-8868.0,0,,,,,,,,,,,,,,,,,,,,,
2020-05-26 17:18:00,12.93,12.945,12.925,12.935,17869.0,-0.004999999999999004,0,3032.0,1,,,,,,,,,,,,,,,,,,,,,
2020-05-26 17:19:00,12.945,12.95,12.93,12.94,25148.0,0.009999999999999787,1,7279.0,1,,,,,,,,,,,,,,,,,,,,,
2020-05-26 17:20:00,12.935,12.95,12.935,12.95,23607.0,0.004999999999999004,1,-1541.0,0,,,,,,,,,,,,,,,,,,,,,
2020-05-26 17:21:00,12.95,12.955,12.95,12.955,11126.0,0.01999999999999957,1,-12481.0,0,,,,,,,,,,,,,,,,,,,,,
2020-05-26 17:22:00,12.95,12.965,12.95,12.96,32154.0,0.010000000000001565,1,21028.0,1,,,,,,,,,,,,,,,,,,,,,
2020-05-26 17:23:00,12.97,12.97,12.955,12.96,9197.0,0.010000000000001565,1,-22957.0,0,,,,,,,,,,,,,,,,,,,,,
2020-05-26 17:24:00,12.96,12.965,12.945,12.96,37403.0,-0.009999999999999787,0,28206.0,1,,,,,,,,,,,,,,,,,,,,,
2020-05-26 17:25:00,12.96,12.97,12.945,12.95,13694.0,-0.010000000000001565,0,-23709.0,0,,,,,,,,,,,,,,,,,,,,,
2020-05-26 17:26:00,12.955,12.96,12.93,12.93,38478.0,-0.030000000000001137,0,24784.0,1,,,,,,,,,,,,,,,,,,,,,
2020-05-26 17:27:00,12.93,12.935,12.86,12.865,61641.0,-0.08999999999999986,0,23163.0,1,,,,,,,,,,,,,,,,,,,,,
2020-05-26 17:28:00,12.86,12.875,12.82,12.85,32903.0,-0.08000000000000007,0,-28738.0,0,,,,,,,,,,,,,,,,,,,,,
2020-05-26 17:29:00,12.85,12.89,12.85,12.885,42567.0,0.025000000000000355,1,9664.0,1,,,,,,,,,,,,,,,,,,,,,
2020-05-26 17:30:00,12.88,12.91,12.875,12.9,27583.0,0.05000000000000071,1,-14984.0,0,,,,,,,,,,,,,,,,,,,,,
2020-05-26 17:36:00,12.945,12.945,12.945,12.945,1669285.0,0.0649999999999995,1,1641702.0,1,,,,,,,,,,,,,,,,,,,,,
2020-05-26 17:37:00,12.945,12.945,12.945,12.945,181.0,0.0,0,-1669104.0,0,,,,,,,,,,,,,,,,,,,,,
