Date,OPEN,HIGH,LOW,CLOSE,VOLUME,return,return_one_hot_encoded,volume_difference,volume_one_hot_encoded,url,header,release time,article content,formatteddate,flair_sentiment_header,flair_sentiment_content,neg_vader_header,neu_vader_header,pos_vader_header,compound_vader_header,neg_vader_articel_content,neu_vader_articel_content,pos_vader_articel_content,compound_vader_articel_content,polarity_textblob_sentiment_header,subjectivity_textblob_sentiment_header,polarity_textblob_sentiment_content,subjectivity_textblob_sentiment_content
2019-12-02 09:01:00,21.99,21.99,21.85,21.89,21474.0,0.0,0,0.0,0,,,,,,,,,,,,,,,,,,,
2019-12-02 09:02:00,21.9,21.96,21.9,21.96,2806.0,-0.02999999999999758,0,-18668.0,0,,,,,,,,,,,,,,,,,,,
2019-12-02 09:03:00,22.0,22.0,22.0,22.0,636.0,0.10000000000000142,1,-2170.0,0,,,,,,,,,,,,,,,,,,,
2019-12-02 09:04:00,22.02,22.02,21.97,21.97,731.0,-0.030000000000001137,0,95.0,1,,,,,,,,,,,,,,,,,,,
2019-12-02 09:05:00,21.98,22.02,21.98,22.02,1885.0,0.0,0,1154.0,1,,,,,,,,,,,,,,,,,,,
2019-12-02 09:06:00,21.99,22.03,21.99,21.99,2108.0,0.009999999999998009,1,223.0,1,,,,,,,,,,,,,,,,,,,
2019-12-02 09:07:00,22.02,22.02,21.99,21.99,1667.0,0.0,0,-441.0,0,,,,,,,,,,,,,,,,,,,
2019-12-02 09:08:00,22.01,22.03,22.01,22.02,801.0,0.0,0,-866.0,0,,,,,,,,,,,,,,,,,,,
2019-12-02 09:09:00,22.03,22.06,22.03,22.06,5222.0,0.049999999999997165,1,4421.0,1,,,,,,,,,,,,,,,,,,,
2019-12-02 09:10:00,22.06,22.07,22.04,22.05,3111.0,0.01999999999999957,1,-2111.0,0,,,,,,,,,,,,,,,,,,,
2019-12-02 09:11:00,22.06,22.06,22.03,22.03,2223.0,-0.02999999999999758,0,-888.0,0,,,,,,,,,,,,,,,,,,,
2019-12-02 09:12:00,22.01,22.01,21.97,22.01,2173.0,-0.049999999999997165,0,-50.0,0,,,,,,,,,,,,,,,,,,,
2019-12-02 09:13:00,22.01,22.01,21.99,21.99,8654.0,-0.02000000000000313,0,6481.0,1,,,,,,,,,,,,,,,,,,,
2019-12-02 09:14:00,21.99,21.99,21.95,21.97,4891.0,-0.0400000000000027,0,-3763.0,0,,,,,,,,,,,,,,,,,,,
2019-12-02 09:15:00,21.97,21.98,21.96,21.98,2742.0,-0.009999999999998009,0,-2149.0,0,,,,,,,,,,,,,,,,,,,
2019-12-02 09:16:00,21.97,21.97,21.96,21.96,637.0,-0.009999999999998009,0,-2105.0,0,,,,,,,,,,,,,,,,,,,
2019-12-02 09:17:00,21.96,21.97,21.95,21.95,2861.0,-0.01999999999999957,0,2224.0,1,,,,,,,,,,,,,,,,,,,
2019-12-02 09:18:00,21.96,21.96,21.94,21.94,4027.0,-0.01999999999999957,0,1166.0,1,,,,,,,,,,,,,,,,,,,
2019-12-02 09:19:00,21.94,21.95,21.94,21.95,529.0,-0.010000000000001565,0,-3498.0,0,,,,,,,,,,,,,,,,,,,
2019-12-02 09:20:00,21.97,21.99,21.96,21.99,2966.0,0.049999999999997165,1,2437.0,1,,,,,,,,,,,,,,,,,,,
2019-12-02 09:21:00,21.99,22.0,21.98,22.0,5188.0,0.030000000000001137,1,2222.0,1,,,,,,,,,,,,,,,,,,,
2019-12-02 09:22:00,22.0,22.03,22.0,22.03,2865.0,0.0400000000000027,1,-2323.0,0,,,,,,,,,,,,,,,,,,,
2019-12-02 09:23:00,22.03,22.03,22.03,22.03,38.0,0.030000000000001137,1,-2827.0,0,,,,,,,,,,,,,,,,,,,
2019-12-02 09:24:00,22.03,22.03,22.02,22.02,1874.0,-0.010000000000001565,0,1836.0,1,,,,,,,,,,,,,,,,,,,
2019-12-02 09:25:00,22.02,22.04,22.02,22.04,3316.0,0.009999999999998009,1,1442.0,1,,,,,,,,,,,,,,,,,,,
2019-12-02 09:26:00,22.05,22.05,22.03,22.03,5880.0,0.010000000000001565,1,2564.0,1,,,,,,,,,,,,,,,,,,,
2019-12-02 09:27:00,22.03,22.03,22.02,22.02,829.0,-0.030000000000001137,0,-5051.0,0,,,,,,,,,,,,,,,,,,,
2019-12-02 09:28:00,22.0,22.0,21.99,21.99,890.0,-0.0400000000000027,0,61.0,1,,,,,,,,,,,,,,,,,,,
2019-12-02 09:29:00,21.98,22.0,21.98,22.0,2975.0,0.0,0,2085.0,1,,,,,,,,,,,,,,,,,,,
2019-12-02 09:30:00,22.0,22.02,22.0,22.01,1302.0,0.030000000000001137,1,-1673.0,0,,,,,,,,,,,,,,,,,,,
2019-12-02 09:31:00,22.03,22.03,22.0,22.0,3047.0,0.0,0,1745.0,1,,,,,,,,,,,,,,,,,,,
2019-12-02 09:32:00,22.0,22.0,21.99,21.99,3081.0,-0.0400000000000027,0,34.0,1,,,,,,,,,,,,,,,,,,,
2019-12-02 09:33:00,21.99,21.99,21.99,21.99,1223.0,-0.010000000000001565,0,-1858.0,0,,,,,,,,,,,,,,,,,,,
2019-12-02 09:34:00,22.01,22.01,22.0,22.0,792.0,0.010000000000001565,1,-431.0,0,,,,,,,,,,,,,,,,,,,
2019-12-02 09:35:00,22.0,22.01,21.99,22.0,1247.0,-0.010000000000001565,0,455.0,1,,,,,,,,,,,,,,,,,,,
2019-12-02 09:36:00,22.02,22.05,22.01,22.05,6086.0,0.05000000000000071,1,4839.0,1,,,,,,,,,,,,,,,,,,,
2019-12-02 09:37:00,22.06,22.07,22.04,22.05,2867.0,0.030000000000001137,1,-3219.0,0,,,,,,,,,,,,,,,,,,,
2019-12-02 09:38:00,22.06,22.06,22.05,22.06,3748.0,0.0,0,881.0,1,,,,,,,,,,,,,,,,,,,
2019-12-02 09:39:00,22.06,22.11,22.06,22.1,8311.0,0.0400000000000027,1,4563.0,1,,,,,,,,,,,,,,,,,,,
2019-12-02 09:40:00,22.1,22.11,22.09,22.09,3519.0,0.030000000000001137,1,-4792.0,0,,,,,,,,,,,,,,,,,,,
2019-12-02 09:41:00,22.09,22.09,22.07,22.07,10345.0,-0.030000000000001137,0,6826.0,1,,,,,,,,,,,,,,,,,,,
2019-12-02 09:42:00,22.08,22.09,22.08,22.08,4330.0,-0.010000000000001565,0,-6015.0,0,,,,,,,,,,,,,,,,,,,
2019-12-02 09:43:00,22.09,22.09,22.08,22.08,1935.0,0.0,0,-2395.0,0,,,,,,,,,,,,,,,,,,,
2019-12-02 09:44:00,22.08,22.12,22.08,22.12,8605.0,0.030000000000001137,1,6670.0,1,,,,,,,,,,,,,,,,,,,
2019-12-02 09:45:00,22.13,22.13,22.11,22.12,8398.0,0.0400000000000027,1,-207.0,0,,,,,,,,,,,,,,,,,,,
2019-12-02 09:46:00,22.1,22.11,22.1,22.1,1262.0,-0.02999999999999758,0,-7136.0,0,,,,,,,,,,,,,,,,,,,
2019-12-02 09:47:00,22.1,22.1,22.07,22.07,4318.0,-0.030000000000001137,0,3056.0,1,,,,,,,,,,,,,,,,,,,
2019-12-02 09:48:00,22.07,22.07,22.06,22.07,1154.0,-0.030000000000001137,0,-3164.0,0,,,,,,,,,,,,,,,,,,,
2019-12-02 09:49:00,22.07,22.07,22.04,22.04,1272.0,-0.030000000000001137,0,118.0,1,,,,,,,,,,,,,,,,,,,
2019-12-02 09:50:00,22.06,22.07,22.05,22.06,2755.0,-0.010000000000001565,0,1483.0,1,,,,,,,,,,,,,,,,,,,
2019-12-02 09:51:00,22.07,22.07,22.05,22.07,2194.0,0.010000000000001565,1,-561.0,0,,,,,,,,,,,,,,,,,,,
2019-12-02 09:52:00,22.06,22.07,22.05,22.05,3596.0,-0.01999999999999957,0,1402.0,1,,,,,,,,,,,,,,,,,,,
2019-12-02 09:53:00,22.07,22.08,22.06,22.08,3702.0,0.01999999999999957,1,106.0,1,,,,,,,,,,,,,,,,,,,
2019-12-02 09:55:00,22.07,22.07,22.05,22.06,9600.0,-0.010000000000001565,0,5898.0,1,,,,,,,,,,,,,,,,,,,
2019-12-02 09:56:00,22.07,22.09,22.02,22.04,18334.0,-0.030000000000001137,0,8734.0,1,,,,,,,,,,,,,,,,,,,
2019-12-02 09:57:00,22.05,22.06,22.04,22.04,5543.0,-0.030000000000001137,0,-12791.0,0,,,,,,,,,,,,,,,,,,,
2019-12-02 09:58:00,22.06,22.06,22.04,22.05,829.0,0.0,0,-4714.0,0,,,,,,,,,,,,,,,,,,,
2019-12-02 09:59:00,22.05,22.05,22.01,22.04,4692.0,-0.01999999999999957,0,3863.0,1,,,,,,,,,,,,,,,,,,,
2019-12-02 10:00:00,22.04,22.04,22.02,22.02,630.0,-0.030000000000001137,0,-4062.0,0,,,,,,,,,,,,,,,,,,,
2019-12-02 10:01:00,22.01,22.03,22.0,22.0,11778.0,-0.03999999999999915,0,11148.0,1,,,,,,,,,,,,,,,,,,,
2019-12-02 10:02:00,22.0,22.0,22.0,22.0,206.0,-0.010000000000001565,0,-11572.0,0,,,,,,,,,,,,,,,,,,,
2019-12-02 10:03:00,22.0,22.01,22.0,22.01,3969.0,0.010000000000001565,1,3763.0,1,,,,,,,,,,,,,,,,,,,
2019-12-02 10:04:00,22.02,22.02,22.02,22.02,541.0,0.01999999999999957,1,-3428.0,0,,,,,,,,,,,,,,,,,,,
2019-12-02 10:05:00,22.03,22.03,22.01,22.01,3419.0,-0.009999999999998009,0,2878.0,1,,,,,,,,,,,,,,,,,,,
2019-12-02 10:06:00,22.02,22.02,22.01,22.01,2600.0,-0.01999999999999957,0,-819.0,0,,,,,,,,,,,,,,,,,,,
2019-12-02 10:07:00,22.02,22.02,22.02,22.02,1114.0,0.0,0,-1486.0,0,,,,,,,,,,,,,,,,,,,
2019-12-02 10:08:00,22.01,22.01,21.98,21.99,15804.0,-0.030000000000001137,0,14690.0,1,,,,,,,,,,,,,,,,,,,
2019-12-02 10:09:00,22.0,22.01,22.0,22.01,2696.0,0.0,0,-13108.0,0,,,,,,,,,,,,,,,,,,,
2019-12-02 10:10:00,22.01,22.01,22.01,22.01,442.0,0.010000000000001565,1,-2254.0,0,,,,,,,,,,,,,,,,,,,
2019-12-02 10:11:00,22.01,22.01,22.0,22.01,2172.0,0.0,0,1730.0,1,,,,,,,,,,,,,,,,,,,
2019-12-02 10:12:00,22.0,22.0,21.98,22.0,8159.0,-0.010000000000001565,0,5987.0,1,,,,,,,,,,,,,,,,,,,
2019-12-02 10:13:00,22.0,22.0,21.99,21.99,920.0,-0.010000000000001565,0,-7239.0,0,,,,,,,,,,,,,,,,,,,
2019-12-02 10:14:00,21.98,21.98,21.98,21.98,2253.0,-0.01999999999999957,0,1333.0,1,,,,,,,,,,,,,,,,,,,
2019-12-02 10:15:00,21.97,21.98,21.97,21.98,1918.0,0.0,0,-335.0,0,,,,,,,,,,,,,,,,,,,
2019-12-02 10:16:00,21.98,21.98,21.97,21.97,1273.0,0.0,0,-645.0,0,,,,,,,,,,,,,,,,,,,
2019-12-02 10:17:00,21.98,22.0,21.98,22.0,4886.0,0.01999999999999957,1,3613.0,1,,,,,,,,,,,,,,,,,,,
2019-12-02 10:18:00,22.0,22.0,21.99,22.0,1280.0,0.01999999999999957,1,-3606.0,0,,,,,,,,,,,,,,,,,,,
2019-12-02 10:19:00,21.99,21.99,21.99,21.99,882.0,-0.010000000000001565,0,-398.0,0,,,,,,,,,,,,,,,,,,,
2019-12-02 10:20:00,22.0,22.0,22.0,22.0,184.0,0.010000000000001565,1,-698.0,0,,,,,,,,,,,,,,,,,,,
2019-12-02 10:21:00,22.01,22.01,22.0,22.0,3927.0,0.0,0,3743.0,1,,,,,,,,,,,,,,,,,,,
2019-12-02 10:22:00,22.0,22.0,21.99,22.0,3747.0,-0.010000000000001565,0,-180.0,0,,,,,,,,,,,,,,,,,,,
2019-12-02 10:23:00,22.01,22.01,22.0,22.0,986.0,0.0,0,-2761.0,0,,,,,,,,,,,,,,,,,,,
2019-12-02 10:24:00,22.0,22.0,22.0,22.0,1789.0,-0.010000000000001565,0,803.0,1,,,,,,,,,,,,,,,,,,,
2019-12-02 10:25:00,22.01,22.01,22.01,22.01,209.0,0.010000000000001565,1,-1580.0,0,,,,,,,,,,,,,,,,,,,
2019-12-02 10:26:00,22.0,22.0,22.0,22.0,1346.0,-0.010000000000001565,0,1137.0,1,,,,,,,,,,,,,,,,,,,
2019-12-02 10:27:00,22.01,22.01,22.01,22.01,550.0,0.010000000000001565,1,-796.0,0,,,,,,,,,,,,,,,,,,,
2019-12-02 10:28:00,22.0,22.02,22.0,22.02,1219.0,0.009999999999998009,1,669.0,1,,,,,,,,,,,,,,,,,,,
2019-12-02 10:30:00,22.01,22.01,22.01,22.01,1166.0,0.010000000000001565,1,-53.0,0,,,,,,,,,,,,,,,,,,,
2019-12-02 10:33:00,22.02,22.03,22.02,22.02,5788.0,0.009999999999998009,1,4622.0,1,,,,,,,,,,,,,,,,,,,
2019-12-02 10:34:00,22.02,22.02,22.02,22.02,2221.0,0.0,0,-3567.0,0,,,,,,,,,,,,,,,,,,,
2019-12-02 10:35:00,22.02,22.02,22.01,22.01,3028.0,-0.009999999999998009,0,807.0,1,,,,,,,,,,,,,,,,,,,
2019-12-02 10:36:00,22.01,22.01,22.01,22.01,5646.0,-0.009999999999998009,0,2618.0,1,,,,,,,,,,,,,,,,,,,
2019-12-02 10:37:00,22.0,22.0,21.99,22.0,3696.0,-0.010000000000001565,0,-1950.0,0,,,,,,,,,,,,,,,,,,,
2019-12-02 10:38:00,22.01,22.01,22.01,22.01,918.0,0.010000000000001565,1,-2778.0,0,,,,,,,,,,,,,,,,,,,
2019-12-02 10:39:00,22.01,22.01,22.01,22.01,2950.0,0.0,0,2032.0,1,,,,,,,,,,,,,,,,,,,
2019-12-02 10:40:00,22.0,22.0,22.0,22.0,2220.0,-0.010000000000001565,0,-730.0,0,,,,,,,,,,,,,,,,,,,
2019-12-02 10:41:00,22.0,22.0,21.98,21.98,2108.0,-0.01999999999999957,0,-112.0,0,,,,,,,,,,,,,,,,,,,
2019-12-02 10:42:00,21.98,22.0,21.98,22.0,3473.0,0.0,0,1365.0,1,,,,,,,,,,,,,,,,,,,
2019-12-02 10:45:00,21.98,21.98,21.98,21.98,1308.0,0.0,0,-2165.0,0,,,,,,,,,,,,,,,,,,,
2019-12-02 10:46:00,21.98,21.98,21.98,21.98,2976.0,0.0,0,1668.0,1,,,,,,,,,,,,,,,,,,,
2019-12-02 10:47:00,21.97,21.97,21.97,21.97,20.0,-0.010000000000001565,0,-2956.0,0,,,,,,,,,,,,,,,,,,,
2019-12-02 10:48:00,21.97,21.97,21.97,21.97,749.0,0.0,0,729.0,1,,,,,,,,,,,,,,,,,,,
2019-12-02 10:49:00,21.97,21.97,21.96,21.96,4697.0,-0.009999999999998009,0,3948.0,1,,,,,,,,,,,,,,,,,,,
2019-12-02 10:50:00,21.96,21.98,21.96,21.97,7567.0,0.0,0,2870.0,1,,,,,,,,,,,,,,,,,,,
2019-12-02 10:51:00,21.97,21.97,21.96,21.96,6052.0,0.0,0,-1515.0,0,,,,,,,,,,,,,,,,,,,
2019-12-02 10:52:00,21.96,21.96,21.93,21.94,3566.0,-0.02999999999999758,0,-2486.0,0,,,,,,,,,,,,,,,,,,,
2019-12-02 10:53:00,21.94,21.94,21.93,21.94,7095.0,-0.01999999999999957,0,3529.0,1,,,,,,,,,,,,,,,,,,,
2019-12-02 10:54:00,21.93,21.93,21.91,21.93,1808.0,-0.010000000000001565,0,-5287.0,0,,,,,,,,,,,,,,,,,,,
2019-12-02 10:55:00,21.94,21.95,21.94,21.94,2890.0,0.010000000000001565,1,1082.0,1,,,,,,,,,,,,,,,,,,,
2019-12-02 10:56:00,21.94,21.95,21.93,21.95,2614.0,0.009999999999998009,1,-276.0,0,,,,,,,,,,,,,,,,,,,
2019-12-02 10:57:00,21.95,21.95,21.95,21.95,1537.0,0.009999999999998009,1,-1077.0,0,,,,,,,,,,,,,,,,,,,
2019-12-02 10:58:00,21.96,21.96,21.95,21.95,1795.0,0.0,0,258.0,1,,,,,,,,,,,,,,,,,,,
2019-12-02 10:59:00,21.95,21.95,21.95,21.95,2739.0,-0.010000000000001565,0,944.0,1,,,,,,,,,,,,,,,,,,,
2019-12-02 11:00:00,21.96,21.98,21.96,21.98,8040.0,0.030000000000001137,1,5301.0,1,,,,,,,,,,,,,,,,,,,
2019-12-02 11:01:00,21.99,22.0,21.99,22.0,1356.0,0.03999999999999915,1,-6684.0,0,,,,,,,,,,,,,,,,,,,
2019-12-02 11:02:00,22.0,22.01,21.99,21.99,2080.0,0.0,0,724.0,1,,,,,,,,,,,,,,,,,,,
2019-12-02 11:03:00,22.0,22.01,22.0,22.01,1436.0,0.010000000000001565,1,-644.0,0,,,,,,,,,,,,,,,,,,,
2019-12-02 11:04:00,22.0,22.0,21.99,21.99,2187.0,-0.010000000000001565,0,751.0,1,,,,,,,,,,,,,,,,,,,
2019-12-02 11:05:00,21.98,21.98,21.98,21.98,782.0,-0.01999999999999957,0,-1405.0,0,,,,,,,,,,,,,,,,,,,
2019-12-02 11:06:00,21.98,21.99,21.98,21.99,2659.0,0.009999999999998009,1,1877.0,1,,,,,,,,,,,,,,,,,,,
2019-12-02 11:07:00,22.0,22.01,21.98,21.98,8414.0,0.0,0,5755.0,1,,,,,,,,,,,,,,,,,,,
2019-12-02 11:08:00,21.99,22.0,21.99,21.99,2645.0,-0.010000000000001565,0,-5769.0,0,,,,,,,,,,,,,,,,,,,
2019-12-02 11:09:00,21.98,21.99,21.98,21.99,1867.0,0.0,0,-778.0,0,,,,,,,,,,,,,,,,,,,
2019-12-02 11:10:00,21.99,22.0,21.99,22.0,1670.0,0.01999999999999957,1,-197.0,0,,,,,,,,,,,,,,,,,,,
2019-12-02 11:11:00,21.99,21.99,21.99,21.99,300.0,0.0,0,-1370.0,0,,,,,,,,,,,,,,,,,,,
2019-12-02 11:12:00,22.0,22.0,22.0,22.0,1138.0,0.010000000000001565,1,838.0,1,,,,,,,,,,,,,,,,,,,
2019-12-02 11:13:00,22.01,22.01,22.0,22.0,3953.0,0.0,0,2815.0,1,,,,,,,,,,,,,,,,,,,
2019-12-02 11:14:00,22.01,22.01,21.99,21.99,4786.0,-0.02000000000000313,0,833.0,1,,,,,,,,,,,,,,,,,,,
2019-12-02 11:15:00,22.0,22.0,21.99,21.99,2261.0,-0.02000000000000313,0,-2525.0,0,,,,,,,,,,,,,,,,,,,
2019-12-02 11:16:00,22.0,22.0,21.99,21.99,3832.0,-0.010000000000001565,0,1571.0,1,,,,,,,,,,,,,,,,,,,
2019-12-02 11:17:00,21.98,21.98,21.98,21.98,571.0,-0.01999999999999957,0,-3261.0,0,,,,,,,,,,,,,,,,,,,
2019-12-02 11:18:00,21.98,22.0,21.98,22.0,5058.0,0.01999999999999957,1,4487.0,1,,,,,,,,,,,,,,,,,,,
2019-12-02 11:19:00,22.0,22.0,22.0,22.0,1200.0,0.01999999999999957,1,-3858.0,0,,,,,,,,,,,,,,,,,,,
2019-12-02 11:20:00,21.99,21.99,21.99,21.99,805.0,-0.010000000000001565,0,-395.0,0,,,,,,,,,,,,,,,,,,,
2019-12-02 11:21:00,21.98,21.98,21.98,21.98,666.0,-0.009999999999998009,0,-139.0,0,,,,,,,,,,,,,,,,,,,
2019-12-02 11:22:00,21.98,21.98,21.97,21.97,12497.0,-0.010000000000001565,0,11831.0,1,,,,,,,,,,,,,,,,,,,
2019-12-02 11:23:00,21.97,21.97,21.97,21.97,1814.0,-0.010000000000001565,0,-10683.0,0,,,,,,,,,,,,,,,,,,,
2019-12-02 11:24:00,21.97,21.97,21.97,21.97,1071.0,0.0,0,-743.0,0,,,,,,,,,,,,,,,,,,,
2019-12-02 11:25:00,21.97,21.97,21.97,21.97,564.0,0.0,0,-507.0,0,,,,,,,,,,,,,,,,,,,
2019-12-02 11:26:00,21.96,21.97,21.96,21.97,2048.0,0.0,0,1484.0,1,,,,,,,,,,,,,,,,,,,
2019-12-02 11:28:00,21.97,21.97,21.97,21.97,883.0,0.009999999999998009,1,-1165.0,0,,,,,,,,,,,,,,,,,,,
2019-12-02 11:29:00,21.97,21.98,21.97,21.98,141.0,0.010000000000001565,1,-742.0,0,,,,,,,,,,,,,,,,,,,
2019-12-02 11:30:00,21.97,21.97,21.97,21.97,745.0,0.0,0,604.0,1,,,,,,,,,,,,,,,,,,,
2019-12-02 11:31:00,21.97,21.97,21.97,21.97,551.0,0.0,0,-194.0,0,,,,,,,,,,,,,,,,,,,
2019-12-02 11:32:00,21.98,21.98,21.98,21.98,3159.0,0.010000000000001565,1,2608.0,1,,,,,,,,,,,,,,,,,,,
2019-12-02 11:33:00,21.99,21.99,21.99,21.99,1235.0,0.009999999999998009,1,-1924.0,0,,,,,,,,,,,,,,,,,,,
2019-12-02 11:34:00,22.0,22.0,22.0,22.0,1118.0,0.010000000000001565,1,-117.0,0,,,,,,,,,,,,,,,,,,,
2019-12-02 11:35:00,21.99,21.99,21.99,21.99,3388.0,-0.010000000000001565,0,2270.0,1,,,,,,,,,,,,,,,,,,,
2019-12-02 11:36:00,21.98,21.99,21.98,21.99,2676.0,0.0,0,-712.0,0,,,,,,,,,,,,,,,,,,,
2019-12-02 11:39:00,21.98,21.99,21.98,21.99,3331.0,0.009999999999998009,1,655.0,1,,,,,,,,,,,,,,,,,,,
2019-12-02 11:41:00,21.99,22.0,21.99,21.99,1602.0,0.009999999999998009,1,-1729.0,0,,,,,,,,,,,,,,,,,,,
2019-12-02 11:42:00,21.99,22.0,21.99,22.0,4322.0,0.010000000000001565,1,2720.0,1,,,,,,,,,,,,,,,,,,,
2019-12-02 11:43:00,22.0,22.0,21.99,22.0,1788.0,0.010000000000001565,1,-2534.0,0,,,,,,,,,,,,,,,,,,,
2019-12-02 11:44:00,22.0,22.01,22.0,22.01,5249.0,0.010000000000001565,1,3461.0,1,,,,,,,,,,,,,,,,,,,
2019-12-02 11:45:00,22.0,22.0,22.0,22.0,2944.0,0.0,0,-2305.0,0,,,,,,,,,,,,,,,,,,,
2019-12-02 11:46:00,22.0,22.0,21.99,21.99,2003.0,-0.010000000000001565,0,-941.0,0,,,,,,,,,,,,,,,,,,,
2019-12-02 11:47:00,21.99,21.99,21.99,21.99,2304.0,-0.010000000000001565,0,301.0,1,,,,,,,,,,,,,,,,,,,
2019-12-02 11:48:00,21.98,21.99,21.98,21.99,4108.0,0.0,0,1804.0,1,,,,,,,,,,,,,,,,,,,
2019-12-02 11:50:00,21.99,21.99,21.98,21.98,258.0,0.0,0,-3850.0,0,,,,,,,,,,,,,,,,,,,
2019-12-02 11:51:00,21.99,22.0,21.99,22.0,4582.0,0.010000000000001565,1,4324.0,1,,,,,,,,,,,,,,,,,,,
2019-12-02 11:52:00,22.0,22.0,22.0,22.0,705.0,0.010000000000001565,1,-3877.0,0,,,,,,,,,,,,,,,,,,,
2019-12-02 11:54:00,22.0,22.0,22.0,22.0,1927.0,0.0,0,1222.0,1,,,,,,,,,,,,,,,,,,,
2019-12-02 11:55:00,22.0,22.0,22.0,22.0,363.0,0.0,0,-1564.0,0,,,,,,,,,,,,,,,,,,,
2019-12-02 11:59:00,22.0,22.0,22.0,22.0,2353.0,0.0,0,1990.0,1,,,,,,,,,,,,,,,,,,,
2019-12-02 12:00:00,22.0,22.0,21.98,21.98,2166.0,-0.01999999999999957,0,-187.0,0,,,,,,,,,,,,,,,,,,,
2019-12-02 12:01:00,21.99,21.99,21.97,21.97,7105.0,-0.030000000000001137,0,4939.0,1,,,,,,,,,,,,,,,,,,,
2019-12-02 12:02:00,21.97,21.97,21.97,21.97,4553.0,-0.01999999999999957,0,-2552.0,0,,,,,,,,,,,,,,,,,,,
2019-12-02 12:03:00,21.97,22.01,21.97,21.97,26388.0,0.0,0,21835.0,1,,,,,,,,,,,,,,,,,,,
2019-12-02 12:04:00,21.97,21.97,21.97,21.97,1016.0,0.0,0,-25372.0,0,,,,,,,,,,,,,,,,,,,
2019-12-02 12:05:00,21.97,21.97,21.96,21.96,1590.0,-0.009999999999998009,0,574.0,1,,,,,,,,,,,,,,,,,,,
2019-12-02 12:07:00,21.95,21.95,21.94,21.94,3339.0,-0.02999999999999758,0,1749.0,1,,,,,,,,,,,,,,,,,,,
2019-12-02 12:08:00,21.93,21.93,21.92,21.93,5910.0,-0.01999999999999957,0,2571.0,1,,,,,,,,,,,,,,,,,,,
2019-12-02 12:09:00,21.93,21.93,21.92,21.92,330.0,-0.009999999999998009,0,-5580.0,0,,,,,,,,,,,,,,,,,,,
2019-12-02 12:10:00,21.92,21.92,21.92,21.92,827.0,-0.009999999999998009,0,497.0,1,,,,,,,,,,,,,,,,,,,
2019-12-02 12:11:00,21.91,21.91,21.9,21.9,2747.0,-0.02000000000000313,0,1920.0,1,,,,,,,,,,,,,,,,,,,
2019-12-02 12:12:00,21.91,21.91,21.9,21.9,1089.0,-0.010000000000001565,0,-1658.0,0,,,,,,,,,,,,,,,,,,,
2019-12-02 12:13:00,21.9,21.9,21.9,21.9,966.0,-0.010000000000001565,0,-123.0,0,,,,,,,,,,,,,,,,,,,
2019-12-02 12:14:00,21.9,21.9,21.89,21.89,2426.0,-0.009999999999998009,0,1460.0,1,,,,,,,,,,,,,,,,,,,
2019-12-02 12:15:00,21.89,21.89,21.87,21.88,1423.0,-0.01999999999999957,0,-1003.0,0,,,,,,,,,,,,,,,,,,,
2019-12-02 12:16:00,21.87,21.87,21.83,21.83,8894.0,-0.060000000000002274,0,7471.0,1,,,,,,,,,,,,,,,,,,,
2019-12-02 12:17:00,21.83,21.84,21.83,21.84,6525.0,-0.030000000000001137,0,-2369.0,0,,,,,,,,,,,,,,,,,,,
2019-12-02 12:18:00,21.84,21.86,21.84,21.85,12959.0,0.02000000000000313,1,6434.0,1,,,,,,,,,,,,,,,,,,,
2019-12-02 12:19:00,21.84,21.86,21.84,21.86,6376.0,0.01999999999999957,1,-6583.0,0,,,,,,,,,,,,,,,,,,,
2019-12-02 12:20:00,21.86,21.87,21.86,21.87,466.0,0.030000000000001137,1,-5910.0,0,,,,,,,,,,,,,,,,,,,
2019-12-02 12:21:00,21.86,21.88,21.86,21.88,713.0,0.01999999999999957,1,247.0,1,,,,,,,,,,,,,,,,,,,
2019-12-02 12:22:00,21.88,21.88,21.88,21.88,1517.0,0.01999999999999957,1,804.0,1,,,,,,,,,,,,,,,,,,,
2019-12-02 12:23:00,21.89,21.92,21.89,21.89,12760.0,0.010000000000001565,1,11243.0,1,,,,,,,,,,,,,,,,,,,
2019-12-02 12:24:00,21.89,21.89,21.88,21.88,1416.0,-0.010000000000001565,0,-11344.0,0,,,,,,,,,,,,,,,,,,,
2019-12-02 12:25:00,21.87,21.87,21.87,21.87,281.0,-0.01999999999999957,0,-1135.0,0,,,,,,,,,,,,,,,,,,,
2019-12-02 12:26:00,21.88,21.88,21.88,21.88,200.0,0.009999999999998009,1,-81.0,0,,,,,,,,,,,,,,,,,,,
2019-12-02 12:27:00,21.89,21.89,21.89,21.89,547.0,0.010000000000001565,1,347.0,1,,,,,,,,,,,,,,,,,,,
2019-12-02 12:28:00,21.88,21.88,21.88,21.88,706.0,-0.010000000000001565,0,159.0,1,,,,,,,,,,,,,,,,,,,
2019-12-02 12:29:00,21.89,21.89,21.89,21.89,119.0,0.010000000000001565,1,-587.0,0,,,,,,,,,,,,,,,,,,,
2019-12-02 12:30:00,21.9,21.9,21.9,21.9,680.0,0.009999999999998009,1,561.0,1,,,,,,,,,,,,,,,,,,,
2019-12-02 12:31:00,21.91,21.91,21.9,21.9,1267.0,0.0,0,587.0,1,,,,,,,,,,,,,,,,,,,
2019-12-02 12:32:00,21.9,21.9,21.89,21.89,1014.0,-0.01999999999999957,0,-253.0,0,,,,,,,,,,,,,,,,,,,
2019-12-02 12:33:00,21.88,21.88,21.87,21.87,2432.0,-0.02999999999999758,0,1418.0,1,,,,,,,,,,,,,,,,,,,
2019-12-02 12:34:00,21.87,21.87,21.85,21.86,12049.0,-0.01999999999999957,0,9617.0,1,,,,,,,,,,,,,,,,,,,
2019-12-02 12:35:00,21.85,21.85,21.83,21.83,5001.0,-0.0400000000000027,0,-7048.0,0,,,,,,,,,,,,,,,,,,,
2019-12-02 12:36:00,21.83,21.83,21.83,21.83,1368.0,-0.02000000000000313,0,-3633.0,0,,,,,,,,,,,,,,,,,,,
2019-12-02 12:37:00,21.83,21.84,21.83,21.83,5995.0,0.0,0,4627.0,1,,,,,,,,,,,,,,,,,,,
2019-12-02 12:38:00,21.83,21.86,21.83,21.84,5934.0,0.010000000000001565,1,-61.0,0,,,,,,,,,,,,,,,,,,,
2019-12-02 12:39:00,21.83,21.83,21.82,21.83,1992.0,0.0,0,-3942.0,0,,,,,,,,,,,,,,,,,,,
2019-12-02 12:40:00,21.84,21.84,21.84,21.84,1878.0,0.010000000000001565,1,-114.0,0,,,,,,,,,,,,,,,,,,,
2019-12-02 12:41:00,21.85,21.85,21.85,21.85,1393.0,0.010000000000001565,1,-485.0,0,,,,,,,,,,,,,,,,,,,
2019-12-02 12:42:00,21.85,21.85,21.85,21.85,1172.0,0.0,0,-221.0,0,,,,,,,,,,,,,,,,,,,
2019-12-02 12:43:00,21.86,21.87,21.86,21.87,2397.0,0.01999999999999957,1,1225.0,1,,,,,,,,,,,,,,,,,,,
2019-12-02 12:44:00,21.88,21.91,21.88,21.89,10618.0,0.030000000000001137,1,8221.0,1,,,,,,,,,,,,,,,,,,,
2019-12-02 12:45:00,21.89,21.89,21.89,21.89,125.0,0.010000000000001565,1,-10493.0,0,,,,,,,,,,,,,,,,,,,
2019-12-02 12:46:00,21.89,21.89,21.89,21.89,2547.0,0.0,0,2422.0,1,,,,,,,,,,,,,,,,,,,
2019-12-02 12:47:00,21.89,21.89,21.89,21.89,1127.0,0.0,0,-1420.0,0,,,,,,,,,,,,,,,,,,,
2019-12-02 12:48:00,21.89,21.89,21.89,21.89,2166.0,0.0,0,1039.0,1,,,,,,,,,,,,,,,,,,,
2019-12-02 12:49:00,21.89,21.9,21.89,21.9,2076.0,0.009999999999998009,1,-90.0,0,,,,,,,,,,,,,,,,,,,
2019-12-02 12:50:00,21.9,21.9,21.9,21.9,271.0,0.009999999999998009,1,-1805.0,0,,,,,,,,,,,,,,,,,,,
2019-12-02 12:51:00,21.91,21.91,21.9,21.9,520.0,0.0,0,249.0,1,,,,,,,,,,,,,,,,,,,
2019-12-02 12:52:00,21.89,21.89,21.89,21.89,1082.0,-0.01999999999999957,0,562.0,1,,,,,,,,,,,,,,,,,,,
2019-12-02 12:53:00,21.89,21.89,21.88,21.88,4810.0,-0.010000000000001565,0,3728.0,1,,,,,,,,,,,,,,,,,,,
2019-12-02 12:54:00,21.88,21.88,21.87,21.87,15759.0,-0.01999999999999957,0,10949.0,1,,,,,,,,,,,,,,,,,,,
2019-12-02 12:55:00,21.86,21.86,21.84,21.84,1743.0,-0.03999999999999915,0,-14016.0,0,,,,,,,,,,,,,,,,,,,
2019-12-02 12:57:00,21.85,21.86,21.85,21.85,6229.0,-0.009999999999998009,0,4486.0,1,,,,,,,,,,,,,,,,,,,
2019-12-02 12:58:00,21.86,21.86,21.86,21.86,221.0,0.009999999999998009,1,-6008.0,0,,,,,,,,,,,,,,,,,,,
2019-12-02 12:59:00,21.86,21.86,21.86,21.86,71.0,0.0,0,-150.0,0,,,,,,,,,,,,,,,,,,,
2019-12-02 13:00:00,21.86,21.86,21.86,21.86,233.0,0.0,0,162.0,1,,,,,,,,,,,,,,,,,,,
2019-12-02 13:01:00,21.86,21.86,21.84,21.84,3440.0,-0.01999999999999957,0,3207.0,1,,,,,,,,,,,,,,,,,,,
2019-12-02 13:02:00,21.83,21.83,21.83,21.83,1488.0,-0.030000000000001137,0,-1952.0,0,,,,,,,,,,,,,,,,,,,
2019-12-02 13:03:00,21.83,21.83,21.82,21.82,750.0,-0.009999999999998009,0,-738.0,0,,,,,,,,,,,,,,,,,,,
2019-12-02 13:04:00,21.82,21.84,21.82,21.84,2577.0,0.010000000000001565,1,1827.0,1,,,,,,,,,,,,,,,,,,,
2019-12-02 13:05:00,21.84,21.85,21.84,21.85,941.0,0.030000000000001137,1,-1636.0,0,,,,,,,,,,,,,,,,,,,
2019-12-02 13:06:00,21.85,21.85,21.84,21.84,3929.0,0.0,0,2988.0,1,,,,,,,,,,,,,,,,,,,
2019-12-02 13:08:00,21.83,21.83,21.83,21.83,299.0,-0.02000000000000313,0,-3630.0,0,,,,,,,,,,,,,,,,,,,
2019-12-02 13:09:00,21.83,21.83,21.83,21.83,817.0,0.0,0,518.0,1,,,,,,,,,,,,,,,,,,,
2019-12-02 13:10:00,21.83,21.84,21.83,21.84,3156.0,0.010000000000001565,1,2339.0,1,,,,,,,,,,,,,,,,,,,
2019-12-02 13:11:00,21.83,21.84,21.83,21.84,877.0,0.010000000000001565,1,-2279.0,0,,,,,,,,,,,,,,,,,,,
2019-12-02 13:13:00,21.83,21.83,21.82,21.82,456.0,-0.009999999999998009,0,-421.0,0,,,,,,,,,,,,,,,,,,,
2019-12-02 13:14:00,21.82,21.82,21.82,21.82,1146.0,-0.009999999999998009,0,690.0,1,,,,,,,,,,,,,,,,,,,
2019-12-02 13:18:00,21.82,21.82,21.81,21.82,3291.0,0.0,0,2145.0,1,,,,,,,,,,,,,,,,,,,
2019-12-02 13:19:00,21.81,21.81,21.81,21.81,142.0,-0.010000000000001565,0,-3149.0,0,,,,,,,,,,,,,,,,,,,
2019-12-02 13:20:00,21.81,21.82,21.81,21.82,1608.0,0.010000000000001565,1,1466.0,1,,,,,,,,,,,,,,,,,,,
2019-12-02 13:21:00,21.82,21.82,21.82,21.82,965.0,0.010000000000001565,1,-643.0,0,,,,,,,,,,,,,,,,,,,
2019-12-02 13:22:00,21.81,21.81,21.81,21.81,733.0,-0.010000000000001565,0,-232.0,0,,,,,,,,,,,,,,,,,,,
2019-12-02 13:23:00,21.8,21.8,21.78,21.79,7624.0,-0.01999999999999957,0,6891.0,1,,,,,,,,,,,,,,,,,,,
2019-12-02 13:24:00,21.79,21.79,21.78,21.78,3553.0,-0.01999999999999957,0,-4071.0,0,,,,,,,,,,,,,,,,,,,
2019-12-02 13:25:00,21.78,21.79,21.78,21.79,8870.0,0.0,0,5317.0,1,,,,,,,,,,,,,,,,,,,
2019-12-02 13:26:00,21.78,21.79,21.78,21.79,1785.0,0.009999999999998009,1,-7085.0,0,,,,,,,,,,,,,,,,,,,
2019-12-02 13:27:00,21.8,21.81,21.8,21.81,1526.0,0.02999999999999758,1,-259.0,0,,,,,,,,,,,,,,,,,,,
2019-12-02 13:28:00,21.8,21.8,21.8,21.8,612.0,0.0,0,-914.0,0,,,,,,,,,,,,,,,,,,,
2019-12-02 13:30:00,21.8,21.8,21.8,21.8,274.0,0.0,0,-338.0,0,,,,,,,,,,,,,,,,,,,
2019-12-02 13:31:00,21.81,21.81,21.8,21.8,3415.0,0.0,0,3141.0,1,,,,,,,,,,,,,,,,,,,
2019-12-02 13:34:00,21.81,21.81,21.81,21.81,100.0,0.0,0,-3315.0,0,,,,,,,,,,,,,,,,,,,
2019-12-02 13:35:00,21.81,21.81,21.81,21.81,2402.0,0.0,0,2302.0,1,,,,,,,,,,,,,,,,,,,
2019-12-02 13:36:00,21.81,21.81,21.81,21.81,1076.0,0.0,0,-1326.0,0,,,,,,,,,,,,,,,,,,,
2019-12-02 13:37:00,21.82,21.82,21.81,21.81,331.0,0.0,0,-745.0,0,,,,,,,,,,,,,,,,,,,
2019-12-02 13:38:00,21.81,21.81,21.8,21.8,3379.0,-0.01999999999999957,0,3048.0,1,,,,,,,,,,,,,,,,,,,
2019-12-02 13:39:00,21.8,21.8,21.8,21.8,300.0,-0.009999999999998009,0,-3079.0,0,,,,,,,,,,,,,,,,,,,
2019-12-02 13:40:00,21.79,21.79,21.79,21.79,561.0,-0.010000000000001565,0,261.0,1,,,,,,,,,,,,,,,,,,,
2019-12-02 13:41:00,21.78,21.79,21.78,21.79,3707.0,0.0,0,3146.0,1,,,,,,,,,,,,,,,,,,,
2019-12-02 13:42:00,21.8,21.8,21.8,21.8,1520.0,0.01999999999999957,1,-2187.0,0,,,,,,,,,,,,,,,,,,,
2019-12-02 13:43:00,21.8,21.8,21.8,21.8,479.0,0.0,0,-1041.0,0,,,,,,,,,,,,,,,,,,,
2019-12-02 13:44:00,21.8,21.8,21.8,21.8,441.0,0.0,0,-38.0,0,,,,,,,,,,,,,,,,,,,
2019-12-02 13:45:00,21.8,21.81,21.8,21.81,901.0,0.009999999999998009,1,460.0,1,,,,,,,,,,,,,,,,,,,
2019-12-02 13:47:00,21.8,21.81,21.8,21.81,2004.0,0.009999999999998009,1,1103.0,1,,,,,,,,,,,,,,,,,,,
2019-12-02 13:49:00,21.81,21.81,21.81,21.81,2843.0,0.009999999999998009,1,839.0,1,,,,,,,,,,,,,,,,,,,
2019-12-02 13:50:00,21.81,21.81,21.81,21.81,273.0,0.0,0,-2570.0,0,,,,,,,,,,,,,,,,,,,
2019-12-02 13:51:00,21.82,21.83,21.82,21.83,5294.0,0.01999999999999957,1,5021.0,1,,,,,,,,,,,,,,,,,,,
2019-12-02 13:52:00,21.84,21.84,21.84,21.84,3728.0,0.01999999999999957,1,-1566.0,0,,,,,,,,,,,,,,,,,,,
2019-12-02 13:54:00,21.84,21.84,21.84,21.84,2008.0,0.0,0,-1720.0,0,,,,,,,,,,,,,,,,,,,
2019-12-02 13:55:00,21.85,21.85,21.85,21.85,1179.0,0.010000000000001565,1,-829.0,0,,,,,,,,,,,,,,,,,,,
2019-12-02 13:56:00,21.86,21.86,21.86,21.86,585.0,0.009999999999998009,1,-594.0,0,,,,,,,,,,,,,,,,,,,
2019-12-02 13:57:00,21.86,21.86,21.86,21.86,616.0,0.0,0,31.0,1,,,,,,,,,,,,,,,,,,,
2019-12-02 13:58:00,21.86,21.86,21.86,21.86,2300.0,0.0,0,1684.0,1,,,,,,,,,,,,,,,,,,,
2019-12-02 13:59:00,21.85,21.85,21.85,21.85,1996.0,-0.009999999999998009,0,-304.0,0,,,,,,,,,,,,,,,,,,,
2019-12-02 14:00:00,21.86,21.86,21.86,21.86,1039.0,0.009999999999998009,1,-957.0,0,,,,,,,,,,,,,,,,,,,
2019-12-02 14:01:00,21.85,21.85,21.85,21.85,907.0,-0.009999999999998009,0,-132.0,0,,,,,,,,,,,,,,,,,,,
2019-12-02 14:02:00,21.84,21.84,21.83,21.83,944.0,-0.02000000000000313,0,37.0,1,,,,,,,,,,,,,,,,,,,
2019-12-02 14:03:00,21.83,21.83,21.83,21.83,1602.0,-0.010000000000001565,0,658.0,1,,,,,,,,,,,,,,,,,,,
2019-12-02 14:04:00,21.82,21.82,21.81,21.81,1521.0,-0.01999999999999957,0,-81.0,0,,,,,,,,,,,,,,,,,,,
2019-12-02 14:07:00,21.82,21.83,21.82,21.83,11193.0,0.009999999999998009,1,9672.0,1,,,,,,,,,,,,,,,,,,,
2019-12-02 14:08:00,21.83,21.83,21.83,21.83,1105.0,0.009999999999998009,1,-10088.0,0,,,,,,,,,,,,,,,,,,,
2019-12-02 14:09:00,21.83,21.85,21.83,21.85,34849.0,0.02000000000000313,1,33744.0,1,,,,,,,,,,,,,,,,,,,
2019-12-02 14:10:00,21.85,21.86,21.85,21.86,2922.0,0.030000000000001137,1,-31927.0,0,,,,,,,,,,,,,,,,,,,
2019-12-02 14:11:00,21.86,21.88,21.85,21.88,9060.0,0.02999999999999758,1,6138.0,1,,,,,,,,,,,,,,,,,,,
2019-12-02 14:12:00,21.87,21.87,21.87,21.87,2467.0,0.010000000000001565,1,-6593.0,0,,,,,,,,,,,,,,,,,,,
2019-12-02 14:13:00,21.88,21.88,21.88,21.88,1570.0,0.009999999999998009,1,-897.0,0,,,,,,,,,,,,,,,,,,,
2019-12-02 14:14:00,21.88,21.88,21.86,21.86,4816.0,-0.01999999999999957,0,3246.0,1,,,,,,,,,,,,,,,,,,,
2019-12-02 14:15:00,21.86,21.86,21.86,21.86,1035.0,-0.01999999999999957,0,-3781.0,0,,,,,,,,,,,,,,,,,,,
2019-12-02 14:16:00,21.87,21.88,21.86,21.86,11836.0,0.0,0,10801.0,1,,,,,,,,,,,,,,,,,,,
2019-12-02 14:17:00,21.85,21.85,21.83,21.83,6156.0,-0.0400000000000027,0,-5680.0,0,,,,,,,,,,,,,,,,,,,
2019-12-02 14:18:00,21.82,21.82,21.82,21.82,734.0,-0.030000000000001137,0,-5422.0,0,,,,,,,,,,,,,,,,,,,
2019-12-02 14:19:00,21.82,21.83,21.82,21.82,4778.0,0.0,0,4044.0,1,,,,,,,,,,,,,,,,,,,
2019-12-02 14:20:00,21.82,21.82,21.81,21.82,4529.0,0.0,0,-249.0,0,,,,,,,,,,,,,,,,,,,
2019-12-02 14:21:00,21.82,21.82,21.81,21.81,635.0,-0.010000000000001565,0,-3894.0,0,,,,,,,,,,,,,,,,,,,
2019-12-02 14:22:00,21.81,21.81,21.8,21.8,2163.0,-0.01999999999999957,0,1528.0,1,,,,,,,,,,,,,,,,,,,
2019-12-02 14:23:00,21.81,21.82,21.8,21.8,5155.0,-0.009999999999998009,0,2992.0,1,,,,,,,,,,,,,,,,,,,
2019-12-02 14:24:00,21.8,21.8,21.8,21.8,706.0,-0.009999999999998009,0,-4449.0,0,,,,,,,,,,,,,,,,,,,
2019-12-02 14:26:00,21.8,21.8,21.8,21.8,2793.0,0.0,0,2087.0,1,,,,,,,,,,,,,,,,,,,
2019-12-02 14:27:00,21.79,21.79,21.79,21.79,491.0,-0.010000000000001565,0,-2302.0,0,,,,,,,,,,,,,,,,,,,
2019-12-02 14:28:00,21.78,21.78,21.78,21.78,796.0,-0.009999999999998009,0,305.0,1,,,,,,,,,,,,,,,,,,,
2019-12-02 14:29:00,21.79,21.79,21.79,21.79,305.0,0.009999999999998009,1,-491.0,0,,,,,,,,,,,,,,,,,,,
2019-12-02 14:30:00,21.78,21.78,21.78,21.78,421.0,-0.009999999999998009,0,116.0,1,,,,,,,,,,,,,,,,,,,
2019-12-02 14:31:00,21.77,21.77,21.77,21.77,1522.0,-0.010000000000001565,0,1101.0,1,,,,,,,,,,,,,,,,,,,
2019-12-02 14:32:00,21.76,21.76,21.75,21.75,4421.0,-0.01999999999999957,0,2899.0,1,,,,,,,,,,,,,,,,,,,
2019-12-02 14:33:00,21.75,21.75,21.75,21.75,2360.0,-0.010000000000001565,0,-2061.0,0,,,,,,,,,,,,,,,,,,,
2019-12-02 14:34:00,21.75,21.75,21.74,21.74,1293.0,-0.010000000000001565,0,-1067.0,0,,,,,,,,,,,,,,,,,,,
2019-12-02 14:35:00,21.75,21.77,21.75,21.76,11909.0,0.010000000000001565,1,10616.0,1,,,,,,,,,,,,,,,,,,,
2019-12-02 14:37:00,21.76,21.77,21.75,21.77,3097.0,0.01999999999999957,1,-8812.0,0,,,,,,,,,,,,,,,,,,,
2019-12-02 14:38:00,21.78,21.78,21.78,21.78,3759.0,0.01999999999999957,1,662.0,1,,,,,,,,,,,,,,,,,,,
2019-12-02 14:39:00,21.78,21.78,21.77,21.78,1095.0,0.0,0,-2664.0,0,,,,,,,,,,,,,,,,,,,
2019-12-02 14:40:00,21.77,21.77,21.77,21.77,2267.0,-0.010000000000001565,0,1172.0,1,,,,,,,,,,,,,,,,,,,
2019-12-02 14:41:00,21.77,21.77,21.77,21.77,744.0,0.0,0,-1523.0,0,,,,,,,,,,,,,,,,,,,
2019-12-02 14:42:00,21.76,21.76,21.75,21.75,1682.0,-0.01999999999999957,0,938.0,1,,,,,,,,,,,,,,,,,,,
2019-12-02 14:43:00,21.74,21.74,21.73,21.73,4807.0,-0.030000000000001137,0,3125.0,1,,,,,,,,,,,,,,,,,,,
2019-12-02 14:44:00,21.74,21.74,21.74,21.74,2387.0,0.0,0,-2420.0,0,,,,,,,,,,,,,,,,,,,
2019-12-02 14:45:00,21.73,21.73,21.72,21.72,2342.0,-0.01999999999999957,0,-45.0,0,,,,,,,,,,,,,,,,,,,
2019-12-02 14:46:00,21.72,21.72,21.72,21.72,125.0,-0.010000000000001565,0,-2217.0,0,,,,,,,,,,,,,,,,,,,
2019-12-02 14:47:00,21.72,21.72,21.72,21.72,3249.0,0.0,0,3124.0,1,,,,,,,,,,,,,,,,,,,
2019-12-02 14:48:00,21.72,21.75,21.72,21.75,6112.0,0.030000000000001137,1,2863.0,1,,,,,,,,,,,,,,,,,,,
2019-12-02 14:49:00,21.75,21.76,21.75,21.76,5569.0,0.0400000000000027,1,-543.0,0,,,,,,,,,,,,,,,,,,,
2019-12-02 14:50:00,21.76,21.77,21.76,21.77,2416.0,0.01999999999999957,1,-3153.0,0,,,,,,,,,,,,,,,,,,,
2019-12-02 14:51:00,21.77,21.77,21.77,21.77,2462.0,0.009999999999998009,1,46.0,1,,,,,,,,,,,,,,,,,,,
2019-12-02 14:52:00,21.77,21.78,21.77,21.78,553.0,0.010000000000001565,1,-1909.0,0,,,,,,,,,,,,,,,,,,,
2019-12-02 14:53:00,21.77,21.77,21.77,21.77,115.0,0.0,0,-438.0,0,,,,,,,,,,,,,,,,,,,
2019-12-02 14:54:00,21.77,21.77,21.77,21.77,3921.0,0.0,0,3806.0,1,,,,,,,,,,,,,,,,,,,
2019-12-02 14:55:00,21.77,21.8,21.77,21.8,4942.0,0.030000000000001137,1,1021.0,1,,,,,,,,,,,,,,,,,,,
2019-12-02 14:56:00,21.79,21.79,21.78,21.78,8122.0,0.010000000000001565,1,3180.0,1,,,,,,,,,,,,,,,,,,,
2019-12-02 14:57:00,21.79,21.79,21.79,21.79,2862.0,0.0,0,-5260.0,0,,,,,,,,,,,,,,,,,,,
2019-12-02 14:58:00,21.79,21.79,21.79,21.79,4552.0,0.0,0,1690.0,1,,,,,,,,,,,,,,,,,,,
2019-12-02 14:59:00,21.8,21.8,21.8,21.8,100.0,0.010000000000001565,1,-4452.0,0,,,,,,,,,,,,,,,,,,,
2019-12-02 15:00:00,21.79,21.79,21.79,21.79,827.0,-0.010000000000001565,0,727.0,1,,,,,,,,,,,,,,,,,,,
2019-12-02 15:01:00,21.79,21.79,21.79,21.79,500.0,0.0,0,-327.0,0,,,,,,,,,,,,,,,,,,,
2019-12-02 15:02:00,21.78,21.78,21.74,21.74,3623.0,-0.05000000000000071,0,3123.0,1,,,,,,,,,,,,,,,,,,,
2019-12-02 15:03:00,21.74,21.75,21.74,21.75,4584.0,-0.030000000000001137,0,961.0,1,,,,,,,,,,,,,,,,,,,
2019-12-02 15:04:00,21.74,21.75,21.74,21.75,3614.0,0.010000000000001565,1,-970.0,0,,,,,,,,,,,,,,,,,,,
2019-12-02 15:05:00,21.74,21.74,21.73,21.73,1173.0,-0.009999999999998009,0,-2441.0,0,,,,,,,,,,,,,,,,,,,
2019-12-02 15:06:00,21.74,21.74,21.74,21.74,6731.0,0.0,0,5558.0,1,,,,,,,,,,,,,,,,,,,
2019-12-02 15:07:00,21.74,21.76,21.74,21.76,10171.0,0.02000000000000313,1,3440.0,1,,,,,,,,,,,,,,,,,,,
2019-12-02 15:08:00,21.76,21.79,21.76,21.79,13380.0,0.05000000000000071,1,3209.0,1,,,,,,,,,,,,,,,,,,,
2019-12-02 15:09:00,21.78,21.78,21.76,21.76,7576.0,0.0,0,-5804.0,0,,,,,,,,,,,,,,,,,,,
2019-12-02 15:10:00,21.76,21.76,21.75,21.75,10017.0,-0.030000000000001137,0,2441.0,1,,,,,,,,,,,,,,,,,,,
2019-12-02 15:11:00,21.74,21.74,21.73,21.74,4482.0,-0.02000000000000313,0,-5535.0,0,,,,,,,,,,,,,,,,,,,
2019-12-02 15:12:00,21.73,21.74,21.73,21.74,1205.0,0.0,0,-3277.0,0,,,,,,,,,,,,,,,,,,,
2019-12-02 15:13:00,21.75,21.76,21.75,21.76,5306.0,0.030000000000001137,1,4101.0,1,,,,,,,,,,,,,,,,,,,
2019-12-02 15:14:00,21.77,21.78,21.77,21.77,3854.0,0.01999999999999957,1,-1452.0,0,,,,,,,,,,,,,,,,,,,
2019-12-02 15:15:00,21.77,21.77,21.75,21.75,5573.0,-0.01999999999999957,0,1719.0,1,,,,,,,,,,,,,,,,,,,
2019-12-02 15:16:00,21.75,21.75,21.75,21.75,300.0,-0.01999999999999957,0,-5273.0,0,,,,,,,,,,,,,,,,,,,
2019-12-02 15:17:00,21.75,21.75,21.75,21.75,3613.0,0.0,0,3313.0,1,,,,,,,,,,,,,,,,,,,
2019-12-02 15:19:00,21.74,21.76,21.74,21.74,5166.0,-0.010000000000001565,0,1553.0,1,,,,,,,,,,,,,,,,,,,
2019-12-02 15:20:00,21.74,21.74,21.73,21.73,637.0,-0.009999999999998009,0,-4529.0,0,,,,,,,,,,,,,,,,,,,
2019-12-02 15:22:00,21.74,21.74,21.74,21.74,2261.0,0.0,0,1624.0,1,,,,,,,,,,,,,,,,,,,
2019-12-02 15:23:00,21.74,21.74,21.73,21.74,4038.0,0.0,0,1777.0,1,,,,,,,,,,,,,,,,,,,
2019-12-02 15:24:00,21.74,21.74,21.74,21.74,883.0,0.0,0,-3155.0,0,,,,,,,,,,,,,,,,,,,
2019-12-02 15:25:00,21.74,21.74,21.74,21.74,561.0,0.0,0,-322.0,0,,,,,,,,,,,,,,,,,,,
2019-12-02 15:26:00,21.75,21.75,21.73,21.73,1444.0,-0.009999999999998009,0,883.0,1,,,,,,,,,,,,,,,,,,,
2019-12-02 15:27:00,21.74,21.74,21.73,21.73,255.0,-0.01999999999999957,0,-1189.0,0,,,,,,,,,,,,,,,,,,,
2019-12-02 15:29:00,21.73,21.73,21.73,21.73,5583.0,-0.009999999999998009,0,5328.0,1,,,,,,,,,,,,,,,,,,,
2019-12-02 15:30:00,21.73,21.73,21.73,21.73,1215.0,0.0,0,-4368.0,0,,,,,,,,,,,,,,,,,,,
2019-12-02 15:31:00,21.73,21.73,21.73,21.73,10682.0,0.0,0,9467.0,1,,,,,,,,,,,,,,,,,,,
2019-12-02 15:32:00,21.72,21.72,21.72,21.72,5167.0,-0.010000000000001565,0,-5515.0,0,,,,,,,,,,,,,,,,,,,
2019-12-02 15:33:00,21.71,21.72,21.71,21.71,4720.0,-0.009999999999998009,0,-447.0,0,,,,,,,,,,,,,,,,,,,
2019-12-02 15:34:00,21.71,21.71,21.65,21.65,128345.0,-0.060000000000002274,0,123625.0,1,,,,,,,,,,,,,,,,,,,
2019-12-02 15:35:00,21.66,21.68,21.66,21.68,26217.0,-0.030000000000001137,0,-102128.0,0,,,,,,,,,,,,,,,,,,,
2019-12-02 15:36:00,21.69,21.71,21.69,21.71,8605.0,0.05000000000000071,1,-17612.0,0,,,,,,,,,,,,,,,,,,,
2019-12-02 15:37:00,21.71,21.71,21.69,21.69,1936.0,0.0,0,-6669.0,0,,,,,,,,,,,,,,,,,,,
2019-12-02 15:38:00,21.69,21.7,21.68,21.68,2917.0,-0.030000000000001137,0,981.0,1,,,,,,,,,,,,,,,,,,,
2019-12-02 15:39:00,21.67,21.68,21.66,21.66,14156.0,-0.030000000000001137,0,11239.0,1,,,,,,,,,,,,,,,,,,,
2019-12-02 15:40:00,21.66,21.66,21.66,21.66,1780.0,-0.010000000000001565,0,-12376.0,0,,,,,,,,,,,,,,,,,,,
2019-12-02 15:41:00,21.65,21.65,21.59,21.6,135582.0,-0.05999999999999873,0,133802.0,1,,,,,,,,,,,,,,,,,,,
2019-12-02 15:42:00,21.6,21.64,21.6,21.64,11113.0,-0.009999999999998009,0,-124469.0,0,,,,,,,,,,,,,,,,,,,
2019-12-02 15:43:00,21.65,21.66,21.65,21.65,3075.0,0.049999999999997165,1,-8038.0,0,,,,,,,,,,,,,,,,,,,
2019-12-02 15:44:00,21.66,21.68,21.66,21.68,5183.0,0.030000000000001137,1,2108.0,1,,,,,,,,,,,,,,,,,,,
2019-12-02 15:45:00,21.69,21.72,21.69,21.72,4500.0,0.05999999999999873,1,-683.0,0,,,,,,,,,,,,,,,,,,,
2019-12-02 15:46:00,21.72,21.73,21.7,21.73,8914.0,0.03999999999999915,1,4414.0,1,,,,,,,,,,,,,,,,,,,
2019-12-02 15:47:00,21.73,21.73,21.72,21.72,3028.0,0.0,0,-5886.0,0,,,,,,,,,,,,,,,,,,,
2019-12-02 15:48:00,21.72,21.72,21.69,21.69,3368.0,-0.03999999999999915,0,340.0,1,,,,,,,,,,,,,,,,,,,
2019-12-02 15:49:00,21.7,21.74,21.7,21.74,6469.0,0.01999999999999957,1,3101.0,1,,,,,,,,,,,,,,,,,,,
2019-12-02 15:50:00,21.74,21.74,21.73,21.74,6729.0,0.03999999999999915,1,260.0,1,,,,,,,,,,,,,,,,,,,
2019-12-02 15:51:00,21.75,21.75,21.73,21.73,3943.0,-0.009999999999998009,0,-2786.0,0,,,,,,,,,,,,,,,,,,,
2019-12-02 15:52:00,21.73,21.75,21.73,21.75,7535.0,0.0,0,3592.0,1,,,,,,,,,,,,,,,,,,,
2019-12-02 15:53:00,21.75,21.76,21.75,21.76,3125.0,0.030000000000001137,1,-4410.0,0,,,,,,,,,,,,,,,,,,,
2019-12-02 15:54:00,21.76,21.76,21.75,21.76,6392.0,0.010000000000001565,1,3267.0,1,,,,,,,,,,,,,,,,,,,
2019-12-02 15:55:00,21.75,21.75,21.75,21.75,3977.0,-0.010000000000001565,0,-2415.0,0,,,,,,,,,,,,,,,,,,,
2019-12-02 15:56:00,21.75,21.75,21.74,21.74,8160.0,-0.010000000000001565,0,4183.0,1,,,,,,,,,,,,,,,,,,,
2019-12-02 15:57:00,21.73,21.73,21.72,21.73,4922.0,-0.01999999999999957,0,-3238.0,0,,,,,,,,,,,,,,,,,,,
2019-12-02 15:58:00,21.74,21.74,21.74,21.74,74.0,0.009999999999998009,1,-4848.0,0,,,,,,,,,,,,,,,,,,,
2019-12-02 15:59:00,21.74,21.76,21.74,21.76,6128.0,0.02000000000000313,1,6054.0,1,,,,,,,,,,,,,,,,,,,
2019-12-02 16:00:00,21.76,21.76,21.75,21.75,4104.0,0.010000000000001565,1,-2024.0,0,,,,,,,,,,,,,,,,,,,
2019-12-02 16:01:00,21.74,21.75,21.69,21.7,29396.0,-0.060000000000002274,0,25292.0,1,,,,,,,,,,,,,,,,,,,
2019-12-02 16:02:00,21.7,21.71,21.7,21.71,4685.0,-0.02999999999999758,0,-24711.0,0,,,,,,,,,,,,,,,,,,,
2019-12-02 16:03:00,21.71,21.71,21.67,21.68,11101.0,-0.01999999999999957,0,6416.0,1,,,,,,,,,,,,,,,,,,,
2019-12-02 16:04:00,21.69,21.7,21.67,21.67,16382.0,-0.03999999999999915,0,5281.0,1,,,,,,,,,,,,,,,,,,,
2019-12-02 16:05:00,21.68,21.68,21.66,21.66,3782.0,-0.030000000000001137,0,-12600.0,0,,,,,,,,,,,,,,,,,,,
2019-12-02 16:06:00,21.66,21.66,21.62,21.62,6990.0,-0.05999999999999873,0,3208.0,1,,,,,,,,,,,,,,,,,,,
2019-12-02 16:07:00,21.63,21.66,21.63,21.66,7701.0,0.0,0,711.0,1,,,,,,,,,,,,,,,,,,,
2019-12-02 16:08:00,21.66,21.66,21.65,21.66,3770.0,0.030000000000001137,1,-3931.0,0,,,,,,,,,,,,,,,,,,,
2019-12-02 16:09:00,21.65,21.65,21.64,21.65,3062.0,-0.010000000000001565,0,-708.0,0,,,,,,,,,,,,,,,,,,,
2019-12-02 16:10:00,21.65,21.66,21.65,21.66,1846.0,0.010000000000001565,1,-1216.0,0,,,,,,,,,,,,,,,,,,,
2019-12-02 16:11:00,21.65,21.68,21.65,21.68,5974.0,0.030000000000001137,1,4128.0,1,,,,,,,,,,,,,,,,,,,
2019-12-02 16:12:00,21.67,21.68,21.67,21.68,2326.0,0.030000000000001137,1,-3648.0,0,,,,,,,,,,,,,,,,,,,
2019-12-02 16:13:00,21.67,21.68,21.66,21.68,9538.0,0.009999999999998009,1,7212.0,1,,,,,,,,,,,,,,,,,,,
2019-12-02 16:14:00,21.68,21.69,21.68,21.68,2253.0,0.009999999999998009,1,-7285.0,0,,,,,,,,,,,,,,,,,,,
2019-12-02 16:15:00,21.69,21.69,21.68,21.69,6403.0,0.010000000000001565,1,4150.0,1,,,,,,,,,,,,,,,,,,,
2019-12-02 16:16:00,21.68,21.72,21.68,21.71,19884.0,0.01999999999999957,1,13481.0,1,,,,,,,,,,,,,,,,,,,
2019-12-02 16:17:00,21.7,21.7,21.69,21.69,2633.0,0.010000000000001565,1,-17251.0,0,,,,,,,,,,,,,,,,,,,
2019-12-02 16:18:00,21.69,21.69,21.68,21.68,5156.0,-0.01999999999999957,0,2523.0,1,,,,,,,,,,,,,,,,,,,
2019-12-02 16:19:00,21.68,21.68,21.62,21.62,5257.0,-0.07000000000000027,0,101.0,1,,,,,,,,,,,,,,,,,,,
2019-12-02 16:20:00,21.62,21.62,21.6,21.6,1972.0,-0.0799999999999983,0,-3285.0,0,,,,,,,,,,,,,,,,,,,
2019-12-02 16:21:00,21.59,21.6,21.59,21.59,8138.0,-0.030000000000001137,0,6166.0,1,,,,,,,,,,,,,,,,,,,
2019-12-02 16:22:00,21.59,21.59,21.56,21.58,3387.0,-0.010000000000001565,0,-4751.0,0,,,,,,,,,,,,,,,,,,,
2019-12-02 16:23:00,21.58,21.59,21.58,21.58,2842.0,-0.010000000000001565,0,-545.0,0,,,,,,,,,,,,,,,,,,,
2019-12-02 16:24:00,21.59,21.59,21.56,21.58,4200.0,0.0,0,1358.0,1,,,,,,,,,,,,,,,,,,,
2019-12-02 16:25:00,21.56,21.56,21.54,21.54,2295.0,-0.05000000000000071,0,-1905.0,0,,,,,,,,,,,,,,,,,,,
2019-12-02 16:26:00,21.54,21.56,21.54,21.55,6398.0,-0.009999999999998009,0,4103.0,1,,,,,,,,,,,,,,,,,,,
2019-12-02 16:27:00,21.56,21.56,21.56,21.56,2658.0,0.01999999999999957,1,-3740.0,0,,,,,,,,,,,,,,,,,,,
2019-12-02 16:28:00,21.56,21.56,21.54,21.56,10249.0,0.0,0,7591.0,1,,,,,,,,,,,,,,,,,,,
2019-12-02 16:29:00,21.56,21.57,21.56,21.56,4794.0,0.0,0,-5455.0,0,,,,,,,,,,,,,,,,,,,
2019-12-02 16:30:00,21.57,21.59,21.57,21.59,3520.0,0.030000000000001137,1,-1274.0,0,,,,,,,,,,,,,,,,,,,
2019-12-02 16:31:00,21.59,21.59,21.57,21.58,4770.0,0.009999999999998009,1,1250.0,1,,,,,,,,,,,,,,,,,,,
2019-12-02 16:32:00,21.56,21.58,21.54,21.58,8332.0,-0.010000000000001565,0,3562.0,1,,,,,,,,,,,,,,,,,,,
2019-12-02 16:33:00,21.58,21.59,21.57,21.59,11022.0,0.030000000000001137,1,2690.0,1,,,,,,,,,,,,,,,,,,,
2019-12-02 16:34:00,21.6,21.6,21.59,21.6,7358.0,0.02000000000000313,1,-3664.0,0,,,,,,,,,,,,,,,,,,,
2019-12-02 16:35:00,21.6,21.63,21.6,21.63,6691.0,0.02999999999999758,1,-667.0,0,,,,,,,,,,,,,,,,,,,
2019-12-02 16:36:00,21.62,21.62,21.55,21.59,31227.0,-0.010000000000001565,0,24536.0,1,,,,,,,,,,,,,,,,,,,
2019-12-02 16:37:00,21.58,21.58,21.56,21.58,5335.0,-0.0400000000000027,0,-25892.0,0,,,,,,,,,,,,,,,,,,,
2019-12-02 16:38:00,21.57,21.58,21.56,21.58,12506.0,0.0,0,7171.0,1,,,,,,,,,,,,,,,,,,,
2019-12-02 16:39:00,21.58,21.58,21.55,21.55,1702.0,-0.01999999999999957,0,-10804.0,0,,,,,,,,,,,,,,,,,,,
2019-12-02 16:40:00,21.54,21.56,21.54,21.55,5203.0,-0.02999999999999758,0,3501.0,1,,,,,,,,,,,,,,,,,,,
2019-12-02 16:41:00,21.55,21.56,21.54,21.54,2353.0,0.0,0,-2850.0,0,,,,,,,,,,,,,,,,,,,
2019-12-02 16:42:00,21.53,21.55,21.53,21.55,8773.0,0.0,0,6420.0,1,,,,,,,,,,,,,,,,,,,
2019-12-02 16:43:00,21.56,21.59,21.56,21.59,4378.0,0.05999999999999873,1,-4395.0,0,,,,,,,,,,,,,,,,,,,
2019-12-02 16:44:00,21.6,21.61,21.59,21.61,4257.0,0.05000000000000071,1,-121.0,0,,,,,,,,,,,,,,,,,,,
2019-12-02 16:45:00,21.61,21.62,21.61,21.62,4419.0,0.01999999999999957,1,162.0,1,,,,,,,,,,,,,,,,,,,
2019-12-02 16:46:00,21.62,21.62,21.59,21.59,10902.0,-0.01999999999999957,0,6483.0,1,,,,,,,,,,,,,,,,,,,
2019-12-02 16:47:00,21.59,21.59,21.57,21.57,2299.0,-0.05000000000000071,0,-8603.0,0,,,,,,,,,,,,,,,,,,,
2019-12-02 16:48:00,21.56,21.57,21.53,21.53,7888.0,-0.05999999999999873,0,5589.0,1,,,,,,,,,,,,,,,,,,,
2019-12-02 16:49:00,21.53,21.54,21.53,21.53,13198.0,-0.02999999999999758,0,5310.0,1,,,,,,,,,,,,,,,,,,,
2019-12-02 16:50:00,21.54,21.55,21.53,21.53,14500.0,0.0,0,1302.0,1,,,,,,,,,,,,,,,,,,,
2019-12-02 16:51:00,21.52,21.53,21.52,21.53,9469.0,-0.009999999999998009,0,-5031.0,0,,,,,,,,,,,,,,,,,,,
2019-12-02 16:52:00,21.53,21.53,21.51,21.51,3810.0,-0.009999999999998009,0,-5659.0,0,,,,,,,,,,,,,,,,,,,
2019-12-02 16:53:00,21.51,21.51,21.51,21.51,4275.0,-0.01999999999999957,0,465.0,1,,,,,,,,,,,,,,,,,,,
2019-12-02 16:54:00,21.51,21.53,21.51,21.53,7142.0,0.01999999999999957,1,2867.0,1,,,,,,,,,,,,,,,,,,,
2019-12-02 16:55:00,21.53,21.54,21.53,21.53,4296.0,0.01999999999999957,1,-2846.0,0,,,,,,,,,,,,,,,,,,,
2019-12-02 16:56:00,21.53,21.53,21.53,21.53,4266.0,0.0,0,-30.0,0,,,,,,,,,,,,,,,,,,,
2019-12-02 16:57:00,21.53,21.54,21.51,21.52,9783.0,-0.010000000000001565,0,5517.0,1,,,,,,,,,,,,,,,,,,,
2019-12-02 16:58:00,21.51,21.52,21.51,21.51,9076.0,-0.01999999999999957,0,-707.0,0,,,,,,,,,,,,,,,,,,,
2019-12-02 16:59:00,21.51,21.52,21.45,21.52,34294.0,0.009999999999998009,1,25218.0,1,,,,,,,,,,,,,,,,,,,
2019-12-02 17:00:00,21.52,21.52,21.52,21.52,3849.0,0.009999999999998009,1,-30445.0,0,,,,,,,,,,,,,,,,,,,
2019-12-02 17:01:00,21.52,21.54,21.52,21.53,2733.0,0.010000000000001565,1,-1116.0,0,,,,,,,,,,,,,,,,,,,
2019-12-02 17:02:00,21.52,21.52,21.51,21.51,11103.0,-0.009999999999998009,0,8370.0,1,,,,,,,,,,,,,,,,,,,
2019-12-02 17:03:00,21.51,21.51,21.51,21.51,2055.0,-0.009999999999998009,0,-9048.0,0,,,,,,,,,,,,,,,,,,,
2019-12-02 17:04:00,21.52,21.52,21.51,21.51,625.0,0.0,0,-1430.0,0,,,,,,,,,,,,,,,,,,,
2019-12-02 17:05:00,21.51,21.51,21.51,21.51,4024.0,-0.009999999999998009,0,3399.0,1,,,,,,,,,,,,,,,,,,,
2019-12-02 17:06:00,21.51,21.52,21.51,21.52,5715.0,0.009999999999998009,1,1691.0,1,,,,,,,,,,,,,,,,,,,
2019-12-02 17:07:00,21.52,21.53,21.52,21.53,3609.0,0.01999999999999957,1,-2106.0,0,,,,,,,,,,,,,,,,,,,
2019-12-02 17:08:00,21.52,21.53,21.52,21.52,1321.0,0.0,0,-2288.0,0,,,,,,,,,,,,,,,,,,,
2019-12-02 17:09:00,21.51,21.51,21.5,21.5,5216.0,-0.01999999999999957,0,3895.0,1,,,,,,,,,,,,,,,,,,,
2019-12-02 17:10:00,21.5,21.5,21.5,21.5,3323.0,-0.010000000000001565,0,-1893.0,0,,,,,,,,,,,,,,,,,,,
2019-12-02 17:11:00,21.49,21.49,21.48,21.48,4794.0,-0.01999999999999957,0,1471.0,1,,,,,,,,,,,,,,,,,,,
2019-12-02 17:12:00,21.49,21.51,21.49,21.51,8397.0,0.02000000000000313,1,3603.0,1,,,,,,,,,,,,,,,,,,,
2019-12-02 17:13:00,21.51,21.51,21.5,21.5,4089.0,0.010000000000001565,1,-4308.0,0,,,,,,,,,,,,,,,,,,,
2019-12-02 17:14:00,21.49,21.5,21.47,21.48,6617.0,-0.030000000000001137,0,2528.0,1,,,,,,,,,,,,,,,,,,,
2019-12-02 17:15:00,21.48,21.49,21.47,21.49,4312.0,0.0,0,-2305.0,0,,,,,,,,,,,,,,,,,,,
2019-12-02 17:16:00,21.5,21.5,21.49,21.49,4468.0,0.009999999999998009,1,156.0,1,,,,,,,,,,,,,,,,,,,
2019-12-02 17:17:00,21.49,21.5,21.49,21.5,6468.0,0.0,0,2000.0,1,,,,,,,,,,,,,,,,,,,
2019-12-02 17:18:00,21.49,21.49,21.47,21.48,3114.0,-0.009999999999998009,0,-3354.0,0,,,,,,,,,,,,,,,,,,,
2019-12-02 17:19:00,21.48,21.49,21.48,21.49,2866.0,0.0,0,-248.0,0,,,,,,,,,,,,,,,,,,,
2019-12-02 17:20:00,21.49,21.51,21.49,21.51,3907.0,0.030000000000001137,1,1041.0,1,,,,,,,,,,,,,,,,,,,
2019-12-02 17:21:00,21.51,21.51,21.51,21.51,3311.0,0.02000000000000313,1,-596.0,0,,,,,,,,,,,,,,,,,,,
2019-12-02 17:22:00,21.51,21.53,21.51,21.53,7111.0,0.01999999999999957,1,3800.0,1,,,,,,,,,,,,,,,,,,,
2019-12-02 17:23:00,21.54,21.55,21.53,21.55,6907.0,0.03999999999999915,1,-204.0,0,,,,,,,,,,,,,,,,,,,
2019-12-02 17:24:00,21.55,21.55,21.55,21.55,1586.0,0.010000000000001565,1,-5321.0,0,,,,,,,,,,,,,,,,,,,
2019-12-02 17:25:00,21.54,21.54,21.54,21.54,4465.0,-0.010000000000001565,0,2879.0,1,,,,,,,,,,,,,,,,,,,
2019-12-02 17:26:00,21.54,21.54,21.53,21.53,6017.0,-0.009999999999998009,0,1552.0,1,,,,,,,,,,,,,,,,,,,
2019-12-02 17:27:00,21.53,21.54,21.53,21.53,7122.0,-0.009999999999998009,0,1105.0,1,,,,,,,,,,,,,,,,,,,
2019-12-02 17:28:00,21.53,21.53,21.52,21.52,945.0,-0.010000000000001565,0,-6177.0,0,,,,,,,,,,,,,,,,,,,
2019-12-02 17:29:00,21.52,21.54,21.52,21.52,9175.0,-0.010000000000001565,0,8230.0,1,,,,,,,,,,,,,,,,,,,
2019-12-02 17:30:00,21.52,21.52,21.5,21.5,13568.0,-0.01999999999999957,0,4393.0,1,,,,,,,,,,,,,,,,,,,
2019-12-02 17:36:00,21.53,21.53,21.53,21.53,1136174.0,0.010000000000001565,1,1122606.0,1,,,,,,,,,,,,,,,,,,,
2019-12-02 17:38:00,21.53,21.53,21.53,21.53,168.0,0.0,0,-1136006.0,0,,,,,,,,,,,,,,,,,,,
