Date,OPEN,HIGH,LOW,CLOSE,VOLUME,return,return_one_hot_encoded,volume_difference,volume_one_hot_encoded,url,header_x,release time_x,article content_x,formatted date_x,flair_sentiment_header_label,flair_sentiment_header_score,flair_sentiment_content_label,flair_sentiment_content_score,header_y,release time_y,article content_y,formatted date_y,neg_vader_header,neu_vader_header,pos_vader_header,compound_vader_header,neg_vader_articel_content,neu_vader_articel_content,pos_vader_articel_content,compound_vader_articel_content,header,release time,article content,formatteddate,polarity_textblob_sentiment_header,subjectivity_textblob_sentiment_header,polarity_textblob_sentiment_content,subjectivity_textblob_sentiment_content
2019-07-17 09:01:00,146.9,146.9,146.8,146.85,14502.0,0.0,0,0.0,0,,,,,,,,,,,,,,,,,,,,,,,,,,,,,
2019-07-17 09:02:00,146.95,147.3,146.95,147.3,8903.0,0.4000000000000057,1,-5599.0,0,,,,,,,,,,,,,,,,,,,,,,,,,,,,,
2019-07-17 09:03:00,147.3,147.5,147.3,147.45,2795.0,0.5,1,-6108.0,0,,,,,,,,,,,,,,,,,,,,,,,,,,,,,
2019-07-17 09:04:00,147.5,147.5,147.4,147.4,2265.0,0.09999999999999433,1,-530.0,0,,,,,,,,,,,,,,,,,,,,,,,,,,,,,
2019-07-17 09:05:00,147.55,147.65,147.4,147.5,24479.0,0.0,0,22214.0,1,,,,,,,,,,,,,,,,,,,,,,,,,,,,,
2019-07-17 09:06:00,147.4,147.5,147.35,147.45,8817.0,-0.10000000000002274,0,-15662.0,0,,,,,,,,,,,,,,,,,,,,,,,,,,,,,
2019-07-17 09:07:00,147.5,147.65,147.4,147.55,32791.0,0.15000000000000568,1,23974.0,1,,,,,,,,,,,,,,,,,,,,,,,,,,,,,
2019-07-17 09:08:00,147.55,147.7,147.55,147.65,8396.0,0.15000000000000568,1,-24395.0,0,,,,,,,,,,,,,,,,,,,,,,,,,,,,,
2019-07-17 09:09:00,147.65,147.85,147.65,147.8,8502.0,0.25,1,106.0,1,,,,,,,,,,,,,,,,,,,,,,,,,,,,,
2019-07-17 09:10:00,147.85,147.85,147.55,147.55,15124.0,-0.09999999999999433,0,6622.0,1,,,,,,,,,,,,,,,,,,,,,,,,,,,,,
2019-07-17 09:11:00,147.55,147.55,147.35,147.35,9542.0,-0.5,0,-5582.0,0,,,,,,,,,,,,,,,,,,,,,,,,,,,,,
2019-07-17 09:12:00,147.3,147.6,147.3,147.55,22182.0,0.0,0,12640.0,1,,,,,,,,,,,,,,,,,,,,,,,,,,,,,
2019-07-17 09:13:00,147.55,147.8,147.55,147.6,22930.0,0.2999999999999829,1,748.0,1,,,,,,,,,,,,,,,,,,,,,,,,,,,,,
2019-07-17 09:14:00,147.65,147.9,147.65,147.85,8975.0,0.2999999999999829,1,-13955.0,0,,,,,,,,,,,,,,,,,,,,,,,,,,,,,
2019-07-17 09:15:00,147.85,147.9,147.85,147.85,8433.0,0.19999999999998866,1,-542.0,0,,,,,,,,,,,,,,,,,,,,,,,,,,,,,
2019-07-17 09:16:00,147.8,147.95,147.8,147.9,24737.0,0.05000000000001137,1,16304.0,1,,,,,,,,,,,,,,,,,,,,,,,,,,,,,
2019-07-17 09:17:00,147.8,147.8,147.7,147.7,5054.0,-0.10000000000002274,0,-19683.0,0,,,,,,,,,,,,,,,,,,,,,,,,,,,,,
2019-07-17 09:18:00,147.75,147.75,147.65,147.65,11050.0,-0.15000000000000568,0,5996.0,1,,,,,,,,,,,,,,,,,,,,,,,,,,,,,
2019-07-17 09:19:00,147.65,147.75,147.6,147.75,8665.0,0.0,0,-2385.0,0,,,,,,,,,,,,,,,,,,,,,,,,,,,,,
2019-07-17 09:20:00,147.85,148.05,147.85,148.0,17314.0,0.3499999999999943,1,8649.0,1,,,,,,,,,,,,,,,,,,,,,,,,,,,,,
2019-07-17 09:21:00,147.95,148.0,147.95,148.0,41516.0,0.15000000000000568,1,24202.0,1,,,,,,,,,,,,,,,,,,,,,,,,,,,,,
2019-07-17 09:22:00,148.0,148.15,148.0,148.1,30288.0,0.15000000000000568,1,-11228.0,0,,,,,,,,,,,,,,,,,,,,,,,,,,,,,
2019-07-17 09:23:00,148.05,148.1,147.95,147.95,10496.0,-0.05000000000001137,0,-19792.0,0,,,,,,,,,,,,,,,,,,,,,,,,,,,,,
2019-07-17 09:24:00,147.9,147.95,147.85,147.95,6891.0,-0.10000000000002274,0,-3605.0,0,,,,,,,,,,,,,,,,,,,,,,,,,,,,,
2019-07-17 09:25:00,147.9,148.0,147.9,147.95,6863.0,0.04999999999998295,1,-28.0,0,,,,,,,,,,,,,,,,,,,,,,,,,,,,,
2019-07-17 09:26:00,147.9,147.9,147.75,147.8,7073.0,-0.09999999999999433,0,210.0,1,,,,,,,,,,,,,,,,,,,,,,,,,,,,,
2019-07-17 09:27:00,147.85,148.2,147.85,148.0,33436.0,0.09999999999999433,1,26363.0,1,,,,,,,,,,,,,,,,,,,,,,,,,,,,,
2019-07-17 09:28:00,148.0,148.05,148.0,148.0,13822.0,0.15000000000000568,1,-19614.0,0,,,,,,,,,,,,,,,,,,,,,,,,,,,,,
2019-07-17 09:29:00,148.0,148.1,148.0,148.05,19550.0,0.05000000000001137,1,5728.0,1,,,,,,,,,,,,,,,,,,,,,,,,,,,,,
2019-07-17 09:30:00,148.05,148.15,148.05,148.15,16156.0,0.15000000000000568,1,-3394.0,0,,,,,,,,,,,,,,,,,,,,,,,,,,,,,
2019-07-17 09:31:00,148.15,148.2,148.15,148.2,16273.0,0.14999999999997726,1,117.0,1,,,,,,,,,,,,,,,,,,,,,,,,,,,,,
2019-07-17 09:32:00,148.25,148.3,148.15,148.2,32273.0,0.04999999999998295,1,16000.0,1,,,,,,,,,,,,,,,,,,,,,,,,,,,,,
2019-07-17 09:33:00,148.15,148.25,148.15,148.15,13808.0,-0.09999999999999433,0,-18465.0,0,,,,,,,,,,,,,,,,,,,,,,,,,,,,,
2019-07-17 09:34:00,148.15,148.4,148.15,148.4,10108.0,0.25,1,-3700.0,0,,,,,,,,,,,,,,,,,,,,,,,,,,,,,
2019-07-17 09:35:00,148.45,148.6,148.45,148.6,50431.0,0.44999999999998863,1,40323.0,1,,,,,,,,,,,,,,,,,,,,,,,,,,,,,
2019-07-17 09:36:00,148.65,148.65,148.35,148.4,30750.0,-0.04999999999998295,0,-19681.0,0,,,,,,,,,,,,,,,,,,,,,,,,,,,,,
2019-07-17 09:37:00,148.35,148.4,148.25,148.3,14351.0,-0.3499999999999943,0,-16399.0,0,,,,,,,,,,,,,,,,,,,,,,,,,,,,,
2019-07-17 09:38:00,148.3,148.5,148.3,148.4,17201.0,0.05000000000001137,1,2850.0,1,,,,,,,,,,,,,,,,,,,,,,,,,,,,,
2019-07-17 09:39:00,148.45,148.45,148.45,148.45,2375.0,0.14999999999997726,1,-14826.0,0,,,,,,,,,,,,,,,,,,,,,,,,,,,,,
2019-07-17 09:40:00,148.5,148.6,148.5,148.6,9261.0,0.15000000000000568,1,6886.0,1,,,,,,,,,,,,,,,,,,,,,,,,,,,,,
2019-07-17 09:41:00,148.6,148.7,148.6,148.7,11243.0,0.19999999999998866,1,1982.0,1,,,,,,,,,,,,,,,,,,,,,,,,,,,,,
2019-07-17 09:42:00,148.65,148.65,148.6,148.6,8379.0,0.0,0,-2864.0,0,,,,,,,,,,,,,,,,,,,,,,,,,,,,,
2019-07-17 09:43:00,148.6,148.65,148.6,148.65,2880.0,0.0,0,-5499.0,0,,,,,,,,,,,,,,,,,,,,,,,,,,,,,
2019-07-17 09:44:00,148.65,148.7,148.6,148.65,6034.0,0.05000000000001137,1,3154.0,1,,,,,,,,,,,,,,,,,,,,,,,,,,,,,
2019-07-17 09:45:00,148.7,148.75,148.65,148.75,16424.0,0.09999999999999433,1,10390.0,1,,,,,,,,,,,,,,,,,,,,,,,,,,,,,
2019-07-17 09:46:00,148.7,148.75,148.65,148.7,8284.0,0.0,0,-8140.0,0,,,,,,,,,,,,,,,,,,,,,,,,,,,,,
2019-07-17 09:47:00,148.7,148.75,148.65,148.65,9140.0,-0.04999999999998295,0,856.0,1,,,,,,,,,,,,,,,,,,,,,,,,,,,,,
2019-07-17 09:48:00,148.6,148.65,148.6,148.65,10007.0,-0.04999999999998295,0,867.0,1,,,,,,,,,,,,,,,,,,,,,,,,,,,,,
2019-07-17 09:49:00,148.6,148.7,148.55,148.65,17135.0,0.05000000000001137,1,7128.0,1,,,,,,,,,,,,,,,,,,,,,,,,,,,,,
2019-07-17 09:50:00,148.7,148.85,148.7,148.8,15342.0,0.20000000000001705,1,-1793.0,0,,,,,,,,,,,,,,,,,,,,,,,,,,,,,
2019-07-17 09:51:00,148.8,148.9,148.8,148.9,7757.0,0.20000000000001705,1,-7585.0,0,,,,,,,,,,,,,,,,,,,,,,,,,,,,,
2019-07-17 09:52:00,148.9,148.9,148.85,148.9,4032.0,0.09999999999999433,1,-3725.0,0,,,,,,,,,,,,,,,,,,,,,,,,,,,,,
2019-07-17 09:53:00,148.9,149.0,148.9,149.0,34210.0,0.09999999999999433,1,30178.0,1,,,,,,,,,,,,,,,,,,,,,,,,,,,,,
2019-07-17 09:54:00,149.0,149.15,149.0,149.15,27772.0,0.25,1,-6438.0,0,,,,,,,,,,,,,,,,,,,,,,,,,,,,,
2019-07-17 09:55:00,149.15,149.3,149.15,149.25,11325.0,0.25,1,-16447.0,0,,,,,,,,,,,,,,,,,,,,,,,,,,,,,
2019-07-17 09:56:00,149.3,149.3,149.25,149.3,14014.0,0.15000000000000568,1,2689.0,1,,,,,,,,,,,,,,,,,,,,,,,,,,,,,
2019-07-17 09:57:00,149.3,149.4,149.25,149.25,27633.0,-0.05000000000001137,0,13619.0,1,,,,,,,,,,,,,,,,,,,,,,,,,,,,,
2019-07-17 09:58:00,149.25,149.35,149.25,149.35,3563.0,0.04999999999998295,1,-24070.0,0,,,,,,,,,,,,,,,,,,,,,,,,,,,,,
2019-07-17 09:59:00,149.35,149.35,149.35,149.35,6579.0,0.09999999999999433,1,3016.0,1,,,,,,,,,,,,,,,,,,,,,,,,,,,,,
2019-07-17 10:00:00,149.35,149.35,149.2,149.3,9608.0,-0.04999999999998295,0,3029.0,1,,,,,,,,,,,,,,,,,,,,,,,,,,,,,
2019-07-17 10:01:00,149.25,149.35,149.25,149.35,12237.0,0.0,0,2629.0,1,,,,,,,,,,,,,,,,,,,,,,,,,,,,,
2019-07-17 10:02:00,149.4,149.4,149.2,149.35,12341.0,0.09999999999999433,1,104.0,1,,,,,,,,,,,,,,,,,,,,,,,,,,,,,
2019-07-17 10:03:00,149.35,149.45,149.35,149.45,17616.0,0.04999999999998295,1,5275.0,1,,,,,,,,,,,,,,,,,,,,,,,,,,,,,
2019-07-17 10:04:00,149.4,149.45,149.4,149.45,10744.0,0.09999999999999433,1,-6872.0,0,,,,,,,,,,,,,,,,,,,,,,,,,,,,,
2019-07-17 10:05:00,149.45,149.5,149.45,149.45,13887.0,0.04999999999998295,1,3143.0,1,,,,,,,,,,,,,,,,,,,,,,,,,,,,,
2019-07-17 10:06:00,149.45,149.5,149.4,149.4,11072.0,-0.04999999999998295,0,-2815.0,0,,,,,,,,,,,,,,,,,,,,,,,,,,,,,
2019-07-17 10:07:00,149.35,149.55,149.35,149.35,52853.0,-0.09999999999999433,0,41781.0,1,,,,,,,,,,,,,,,,,,,,,,,,,,,,,
2019-07-17 10:08:00,149.35,149.35,149.35,149.35,12919.0,0.0,0,-39934.0,0,,,,,,,,,,,,,,,,,,,,,,,,,,,,,
2019-07-17 10:09:00,149.4,149.4,149.3,149.3,8777.0,-0.04999999999998295,0,-4142.0,0,,,,,,,,,,,,,,,,,,,,,,,,,,,,,
2019-07-17 10:10:00,149.35,149.5,149.35,149.5,19834.0,0.09999999999999433,1,11057.0,1,,,,,,,,,,,,,,,,,,,,,,,,,,,,,
2019-07-17 10:11:00,149.5,149.5,149.5,149.5,15581.0,0.15000000000000568,1,-4253.0,0,,,,,,,,,,,,,,,,,,,,,,,,,,,,,
2019-07-17 10:12:00,149.55,149.55,149.55,149.55,10059.0,0.05000000000001137,1,-5522.0,0,,,,,,,,,,,,,,,,,,,,,,,,,,,,,
2019-07-17 10:13:00,149.55,149.65,149.55,149.65,20828.0,0.09999999999999433,1,10769.0,1,,,,,,,,,,,,,,,,,,,,,,,,,,,,,
2019-07-17 10:14:00,149.6,149.65,149.6,149.65,9122.0,0.09999999999999433,1,-11706.0,0,,,,,,,,,,,,,,,,,,,,,,,,,,,,,
2019-07-17 10:15:00,149.6,149.65,149.55,149.65,19446.0,0.05000000000001137,1,10324.0,1,,,,,,,,,,,,,,,,,,,,,,,,,,,,,
2019-07-17 10:16:00,149.65,149.75,149.65,149.75,11529.0,0.15000000000000568,1,-7917.0,0,,,,,,,,,,,,,,,,,,,,,,,,,,,,,
2019-07-17 10:17:00,149.75,149.8,149.7,149.8,8870.0,0.15000000000000568,1,-2659.0,0,,,,,,,,,,,,,,,,,,,,,,,,,,,,,
2019-07-17 10:18:00,149.85,149.9,149.85,149.85,13599.0,0.09999999999999433,1,4729.0,1,,,,,,,,,,,,,,,,,,,,,,,,,,,,,
2019-07-17 10:19:00,149.85,150.05,149.85,150.05,86816.0,0.20000000000001705,1,73217.0,1,,,,,,,,,,,,,,,,,,,,,,,,,,,,,
2019-07-17 10:20:00,150.05,150.05,149.95,150.0,38349.0,0.15000000000000568,1,-48467.0,0,,,,,,,,,,,,,,,,,,,,,,,,,,,,,
2019-07-17 10:21:00,150.0,150.0,149.95,149.95,22233.0,-0.10000000000002274,0,-16116.0,0,,,,,,,,,,,,,,,,,,,,,,,,,,,,,
2019-07-17 10:22:00,149.95,149.95,149.75,149.75,9626.0,-0.25,0,-12607.0,0,,,,,,,,,,,,,,,,,,,,,,,,,,,,,
2019-07-17 10:23:00,149.75,149.75,149.65,149.7,14030.0,-0.25,0,4404.0,1,,,,,,,,,,,,,,,,,,,,,,,,,,,,,
2019-07-17 10:24:00,149.75,149.8,149.65,149.7,18504.0,-0.05000000000001137,0,4474.0,1,,,,,,,,,,,,,,,,,,,,,,,,,,,,,
2019-07-17 10:25:00,149.7,149.7,149.7,149.7,249.0,-0.05000000000001137,0,-18255.0,0,,,,,,,,,,,,,,,,,,,,,,,,,,,,,
2019-07-17 10:26:00,149.65,149.7,149.6,149.6,7239.0,-0.09999999999999433,0,6990.0,1,,,,,,,,,,,,,,,,,,,,,,,,,,,,,
2019-07-17 10:27:00,149.6,149.65,149.6,149.6,1984.0,-0.05000000000001137,0,-5255.0,0,,,,,,,,,,,,,,,,,,,,,,,,,,,,,
2019-07-17 10:28:00,149.65,149.65,149.6,149.6,5540.0,0.0,0,3556.0,1,,,,,,,,,,,,,,,,,,,,,,,,,,,,,
2019-07-17 10:29:00,149.6,149.7,149.6,149.7,6515.0,0.04999999999998295,1,975.0,1,,,,,,,,,,,,,,,,,,,,,,,,,,,,,
2019-07-17 10:30:00,149.7,149.7,149.7,149.7,4216.0,0.09999999999999433,1,-2299.0,0,,,,,,,,,,,,,,,,,,,,,,,,,,,,,
2019-07-17 10:31:00,149.75,149.75,149.6,149.6,6097.0,-0.09999999999999433,0,1881.0,1,,,,,,,,,,,,,,,,,,,,,,,,,,,,,
2019-07-17 10:32:00,149.55,149.55,149.55,149.55,704.0,-0.19999999999998866,0,-5393.0,0,,,,,,,,,,,,,,,,,,,,,,,,,,,,,
2019-07-17 10:33:00,149.55,149.55,149.35,149.4,6926.0,-0.15000000000000568,0,6222.0,1,,,,,,,,,,,,,,,,,,,,,,,,,,,,,
2019-07-17 10:34:00,149.45,149.5,149.45,149.5,5139.0,-0.05000000000001137,0,-1787.0,0,,,,,,,,,,,,,,,,,,,,,,,,,,,,,
2019-07-17 10:35:00,149.55,149.55,149.5,149.5,1624.0,0.05000000000001137,1,-3515.0,0,,,,,,,,,,,,,,,,,,,,,,,,,,,,,
2019-07-17 10:36:00,149.5,149.6,149.5,149.6,6326.0,0.04999999999998295,1,4702.0,1,,,,,,,,,,,,,,,,,,,,,,,,,,,,,
2019-07-17 10:37:00,149.6,149.65,149.6,149.65,1139.0,0.15000000000000568,1,-5187.0,0,,,,,,,,,,,,,,,,,,,,,,,,,,,,,
2019-07-17 10:38:00,149.6,149.6,149.6,149.6,6918.0,0.0,0,5779.0,1,,,,,,,,,,,,,,,,,,,,,,,,,,,,,
2019-07-17 10:39:00,149.65,149.7,149.6,149.7,12238.0,0.09999999999999433,1,5320.0,1,,,,,,,,,,,,,,,,,,,,,,,,,,,,,
2019-07-17 10:40:00,149.75,149.8,149.6,149.65,8751.0,0.0,0,-3487.0,0,,,,,,,,,,,,,,,,,,,,,,,,,,,,,
2019-07-17 10:41:00,149.65,149.65,149.6,149.6,3353.0,-0.15000000000000568,0,-5398.0,0,,,,,,,,,,,,,,,,,,,,,,,,,,,,,
2019-07-17 10:42:00,149.6,149.6,149.6,149.6,2909.0,-0.05000000000001137,0,-444.0,0,,,,,,,,,,,,,,,,,,,,,,,,,,,,,
2019-07-17 10:43:00,149.6,149.6,149.6,149.6,6783.0,0.0,0,3874.0,1,,,,,,,,,,,,,,,,,,,,,,,,,,,,,
2019-07-17 10:44:00,149.65,149.65,149.6,149.6,7683.0,0.0,0,900.0,1,,,,,,,,,,,,,,,,,,,,,,,,,,,,,
2019-07-17 10:45:00,149.6,149.6,149.5,149.5,3932.0,-0.15000000000000568,0,-3751.0,0,,,,,,,,,,,,,,,,,,,,,,,,,,,,,
2019-07-17 10:46:00,149.55,149.6,149.55,149.6,8713.0,0.0,0,4781.0,1,,,,,,,,,,,,,,,,,,,,,,,,,,,,,
2019-07-17 10:47:00,149.6,149.65,149.55,149.65,3928.0,0.09999999999999433,1,-4785.0,0,,,,,,,,,,,,,,,,,,,,,,,,,,,,,
2019-07-17 10:48:00,149.65,149.7,149.6,149.7,5861.0,0.09999999999999433,1,1933.0,1,,,,,,,,,,,,,,,,,,,,,,,,,,,,,
2019-07-17 10:49:00,149.7,149.7,149.7,149.7,1527.0,0.04999999999998295,1,-4334.0,0,,,,,,,,,,,,,,,,,,,,,,,,,,,,,
2019-07-17 10:50:00,149.7,149.75,149.65,149.65,22687.0,-0.04999999999998295,0,21160.0,1,,,,,,,,,,,,,,,,,,,,,,,,,,,,,
2019-07-17 10:51:00,149.55,149.55,149.35,149.55,14327.0,-0.14999999999997726,0,-8360.0,0,,,,,,,,,,,,,,,,,,,,,,,,,,,,,
2019-07-17 10:52:00,149.45,149.5,149.45,149.5,2911.0,-0.05000000000001137,0,-11416.0,0,,,,,,,,,,,,,,,,,,,,,,,,,,,,,
2019-07-17 10:53:00,149.45,149.5,149.45,149.5,583.0,0.05000000000001137,1,-2328.0,0,,,,,,,,,,,,,,,,,,,,,,,,,,,,,
2019-07-17 10:54:00,149.45,149.45,149.4,149.45,4451.0,0.0,0,3868.0,1,,,,,,,,,,,,,,,,,,,,,,,,,,,,,
2019-07-17 10:55:00,149.45,149.5,149.45,149.45,3745.0,0.0,0,-706.0,0,,,,,,,,,,,,,,,,,,,,,,,,,,,,,
2019-07-17 10:56:00,149.4,149.4,149.3,149.3,9244.0,-0.14999999999997726,0,5499.0,1,,,,,,,,,,,,,,,,,,,,,,,,,,,,,
2019-07-17 10:57:00,149.25,149.25,149.25,149.25,3493.0,-0.15000000000000568,0,-5751.0,0,,,,,,,,,,,,,,,,,,,,,,,,,,,,,
2019-07-17 10:58:00,149.25,149.35,149.25,149.25,8577.0,0.0,0,5084.0,1,,,,,,,,,,,,,,,,,,,,,,,,,,,,,
2019-07-17 10:59:00,149.3,149.3,149.25,149.25,2722.0,0.0,0,-5855.0,0,,,,,,,,,,,,,,,,,,,,,,,,,,,,,
2019-07-17 11:00:00,149.25,149.25,149.2,149.25,2708.0,-0.05000000000001137,0,-14.0,0,,,,,,,,,,,,,,,,,,,,,,,,,,,,,
2019-07-17 11:01:00,149.25,149.3,149.25,149.25,3217.0,0.0,0,509.0,1,,,,,,,,,,,,,,,,,,,,,,,,,,,,,
2019-07-17 11:02:00,149.3,149.3,149.3,149.3,3174.0,0.05000000000001137,1,-43.0,0,,,,,,,,,,,,,,,,,,,,,,,,,,,,,
2019-07-17 11:03:00,149.3,149.4,149.3,149.4,11314.0,0.09999999999999433,1,8140.0,1,,,,,,,,,,,,,,,,,,,,,,,,,,,,,
2019-07-17 11:04:00,149.45,149.5,149.45,149.5,1775.0,0.19999999999998866,1,-9539.0,0,,,,,,,,,,,,,,,,,,,,,,,,,,,,,
2019-07-17 11:05:00,149.5,149.5,149.45,149.45,6585.0,0.0,0,4810.0,1,,,,,,,,,,,,,,,,,,,,,,,,,,,,,
2019-07-17 11:06:00,149.45,149.5,149.35,149.4,10113.0,-0.09999999999999433,0,3528.0,1,,,,,,,,,,,,,,,,,,,,,,,,,,,,,
2019-07-17 11:07:00,149.45,149.45,149.4,149.4,6276.0,-0.04999999999998295,0,-3837.0,0,,,,,,,,,,,,,,,,,,,,,,,,,,,,,
2019-07-17 11:08:00,149.4,149.6,149.4,149.6,12374.0,0.15000000000000568,1,6098.0,1,,,,,,,,,,,,,,,,,,,,,,,,,,,,,
2019-07-17 11:09:00,149.6,149.6,149.55,149.6,1622.0,0.19999999999998866,1,-10752.0,0,,,,,,,,,,,,,,,,,,,,,,,,,,,,,
2019-07-17 11:10:00,149.6,149.6,149.5,149.5,5643.0,-0.09999999999999433,0,4021.0,1,,,,,,,,,,,,,,,,,,,,,,,,,,,,,
2019-07-17 11:11:00,149.45,149.5,149.45,149.45,2636.0,-0.15000000000000568,0,-3007.0,0,,,,,,,,,,,,,,,,,,,,,,,,,,,,,
2019-07-17 11:12:00,149.5,149.5,149.45,149.45,3701.0,0.0,0,1065.0,1,,,,,,,,,,,,,,,,,,,,,,,,,,,,,
2019-07-17 11:13:00,149.45,149.55,149.45,149.5,9063.0,0.0,0,5362.0,1,,,,,,,,,,,,,,,,,,,,,,,,,,,,,
2019-07-17 11:14:00,149.45,149.5,149.4,149.45,10448.0,0.0,0,1385.0,1,,,,,,,,,,,,,,,,,,,,,,,,,,,,,
2019-07-17 11:15:00,149.5,149.55,149.5,149.55,4501.0,0.10000000000002274,1,-5947.0,0,,,,,,,,,,,,,,,,,,,,,,,,,,,,,
2019-07-17 11:16:00,149.5,149.5,149.45,149.5,2034.0,0.0,0,-2467.0,0,,,,,,,,,,,,,,,,,,,,,,,,,,,,,
2019-07-17 11:17:00,149.5,149.5,149.45,149.5,9553.0,0.0,0,7519.0,1,,,,,,,,,,,,,,,,,,,,,,,,,,,,,
2019-07-17 11:18:00,149.45,149.45,149.4,149.4,1869.0,-0.09999999999999433,0,-7684.0,0,,,,,,,,,,,,,,,,,,,,,,,,,,,,,
2019-07-17 11:19:00,149.45,149.55,149.35,149.35,9184.0,-0.09999999999999433,0,7315.0,1,,,,,,,,,,,,,,,,,,,,,,,,,,,,,
2019-07-17 11:20:00,149.4,149.4,149.35,149.35,4305.0,-0.09999999999999433,0,-4879.0,0,,,,,,,,,,,,,,,,,,,,,,,,,,,,,
2019-07-17 11:21:00,149.3,149.3,149.3,149.3,5131.0,-0.09999999999999433,0,826.0,1,,,,,,,,,,,,,,,,,,,,,,,,,,,,,
2019-07-17 11:22:00,149.3,149.3,149.2,149.2,6389.0,-0.10000000000002274,0,1258.0,1,,,,,,,,,,,,,,,,,,,,,,,,,,,,,
2019-07-17 11:23:00,149.25,149.3,149.25,149.25,6621.0,-0.05000000000001137,0,232.0,1,,,,,,,,,,,,,,,,,,,,,,,,,,,,,
2019-07-17 11:24:00,149.25,149.25,149.25,149.25,912.0,0.0,0,-5709.0,0,,,,,,,,,,,,,,,,,,,,,,,,,,,,,
2019-07-17 11:25:00,149.25,149.3,149.25,149.25,9777.0,0.0,0,8865.0,1,,,,,,,,,,,,,,,,,,,,,,,,,,,,,
2019-07-17 11:26:00,149.25,149.25,149.25,149.25,1931.0,0.0,0,-7846.0,0,,,,,,,,,,,,,,,,,,,,,,,,,,,,,
2019-07-17 11:27:00,149.25,149.3,149.25,149.3,4089.0,0.05000000000001137,1,2158.0,1,,,,,,,,,,,,,,,,,,,,,,,,,,,,,
2019-07-17 11:28:00,149.3,149.3,149.3,149.3,1942.0,0.05000000000001137,1,-2147.0,0,,,,,,,,,,,,,,,,,,,,,,,,,,,,,
2019-07-17 11:29:00,149.3,149.45,149.3,149.4,8957.0,0.09999999999999433,1,7015.0,1,,,,,,,,,,,,,,,,,,,,,,,,,,,,,
2019-07-17 11:30:00,149.35,149.4,149.35,149.4,1562.0,0.09999999999999433,1,-7395.0,0,,,,,,,,,,,,,,,,,,,,,,,,,,,,,
2019-07-17 11:31:00,149.35,149.4,148.9,148.95,56485.0,-0.4000000000000057,0,54923.0,1,,,,,,,,,,,,,,,,,,,,,,,,,,,,,
2019-07-17 11:32:00,148.9,148.95,148.65,148.65,40158.0,-0.6999999999999886,0,-16327.0,0,,,,,,,,,,,,,,,,,,,,,,,,,,,,,
2019-07-17 11:33:00,148.7,148.9,148.65,148.65,10979.0,-0.25,0,-29179.0,0,,,,,,,,,,,,,,,,,,,,,,,,,,,,,
2019-07-17 11:34:00,148.7,148.7,148.4,148.55,17676.0,-0.14999999999997726,0,6697.0,1,,,,,,,,,,,,,,,,,,,,,,,,,,,,,
2019-07-17 11:35:00,148.45,148.5,148.4,148.5,7029.0,-0.19999999999998866,0,-10647.0,0,,,,,,,,,,,,,,,,,,,,,,,,,,,,,
2019-07-17 11:36:00,148.4,148.5,148.35,148.5,5020.0,0.05000000000001137,1,-2009.0,0,,,,,,,,,,,,,,,,,,,,,,,,,,,,,
2019-07-17 11:37:00,148.5,148.55,148.5,148.5,15188.0,0.09999999999999433,1,10168.0,1,,,,,,,,,,,,,,,,,,,,,,,,,,,,,
2019-07-17 11:38:00,148.5,148.55,148.4,148.4,10083.0,-0.09999999999999433,0,-5105.0,0,,,,,,,,,,,,,,,,,,,,,,,,,,,,,
2019-07-17 11:39:00,148.45,148.45,148.45,148.45,1619.0,-0.05000000000001137,0,-8464.0,0,,,,,,,,,,,,,,,,,,,,,,,,,,,,,
2019-07-17 11:40:00,148.45,148.45,148.45,148.45,1405.0,0.0,0,-214.0,0,,,,,,,,,,,,,,,,,,,,,,,,,,,,,
2019-07-17 11:41:00,148.45,148.45,148.45,148.45,14589.0,0.0,0,13184.0,1,,,,,,,,,,,,,,,,,,,,,,,,,,,,,
2019-07-17 11:42:00,148.45,148.45,148.3,148.35,8898.0,-0.09999999999999433,0,-5691.0,0,,,,,,,,,,,,,,,,,,,,,,,,,,,,,
2019-07-17 11:43:00,148.3,148.4,148.25,148.4,6160.0,-0.04999999999998295,0,-2738.0,0,,,,,,,,,,,,,,,,,,,,,,,,,,,,,
2019-07-17 11:44:00,148.4,148.4,148.35,148.4,6174.0,0.09999999999999433,1,14.0,1,,,,,,,,,,,,,,,,,,,,,,,,,,,,,
2019-07-17 11:45:00,148.4,148.5,148.3,148.4,27855.0,0.0,0,21681.0,1,,,,,,,,,,,,,,,,,,,,,,,,,,,,,
2019-07-17 11:46:00,148.4,148.4,148.4,148.4,835.0,0.0,0,-27020.0,0,,,,,,,,,,,,,,,,,,,,,,,,,,,,,
2019-07-17 11:47:00,148.4,148.55,148.35,148.5,7576.0,0.09999999999999433,1,6741.0,1,,,,,,,,,,,,,,,,,,,,,,,,,,,,,
2019-07-17 11:48:00,148.55,148.65,148.55,148.65,6769.0,0.25,1,-807.0,0,,,,,,,,,,,,,,,,,,,,,,,,,,,,,
2019-07-17 11:49:00,148.7,148.7,148.55,148.6,8686.0,0.04999999999998295,1,1917.0,1,,,,,,,,,,,,,,,,,,,,,,,,,,,,,
2019-07-17 11:50:00,148.65,148.65,148.6,148.6,1492.0,-0.09999999999999433,0,-7194.0,0,,,,,,,,,,,,,,,,,,,,,,,,,,,,,
2019-07-17 11:51:00,148.65,148.7,148.65,148.65,7607.0,0.0,0,6115.0,1,,,,,,,,,,,,,,,,,,,,,,,,,,,,,
2019-07-17 11:52:00,148.65,148.75,148.6,148.75,7512.0,0.09999999999999433,1,-95.0,0,,,,,,,,,,,,,,,,,,,,,,,,,,,,,
2019-07-17 11:53:00,148.75,148.75,148.6,148.6,3430.0,-0.05000000000001137,0,-4082.0,0,,,,,,,,,,,,,,,,,,,,,,,,,,,,,
2019-07-17 11:54:00,148.6,148.6,148.5,148.5,10628.0,-0.25,0,7198.0,1,,,,,,,,,,,,,,,,,,,,,,,,,,,,,
2019-07-17 11:55:00,148.5,148.6,148.5,148.6,3498.0,0.0,0,-7130.0,0,,,,,,,,,,,,,,,,,,,,,,,,,,,,,
2019-07-17 11:56:00,148.65,148.7,148.65,148.65,3545.0,0.15000000000000568,1,47.0,1,,,,,,,,,,,,,,,,,,,,,,,,,,,,,
2019-07-17 11:57:00,148.7,148.75,148.7,148.75,7688.0,0.09999999999999433,1,4143.0,1,,,,,,,,,,,,,,,,,,,,,,,,,,,,,
2019-07-17 11:58:00,148.75,148.75,148.65,148.75,6222.0,0.05000000000001137,1,-1466.0,0,,,,,,,,,,,,,,,,,,,,,,,,,,,,,
2019-07-17 11:59:00,148.8,148.85,148.65,148.65,17222.0,-0.09999999999999433,0,11000.0,1,,,,,,,,,,,,,,,,,,,,,,,,,,,,,
2019-07-17 12:00:00,148.65,148.65,148.65,148.65,1976.0,-0.15000000000000568,0,-15246.0,0,,,,,,,,,,,,,,,,,,,,,,,,,,,,,
2019-07-17 12:01:00,148.65,148.65,148.6,148.6,5116.0,-0.05000000000001137,0,3140.0,1,,,,,,,,,,,,,,,,,,,,,,,,,,,,,
2019-07-17 12:02:00,148.55,148.65,148.5,148.5,16763.0,-0.15000000000000568,0,11647.0,1,,,,,,,,,,,,,,,,,,,,,,,,,,,,,
2019-07-17 12:03:00,148.5,148.6,148.5,148.55,6186.0,0.0,0,-10577.0,0,,,,,,,,,,,,,,,,,,,,,,,,,,,,,
2019-07-17 12:04:00,148.6,148.6,148.6,148.6,507.0,0.09999999999999433,1,-5679.0,0,,,,,,,,,,,,,,,,,,,,,,,,,,,,,
2019-07-17 12:05:00,148.55,148.55,148.45,148.45,3931.0,-0.15000000000000568,0,3424.0,1,,,,,,,,,,,,,,,,,,,,,,,,,,,,,
2019-07-17 12:06:00,148.45,148.45,148.35,148.4,3644.0,-0.15000000000000568,0,-287.0,0,,,,,,,,,,,,,,,,,,,,,,,,,,,,,
2019-07-17 12:07:00,148.4,148.4,148.4,148.4,2746.0,-0.04999999999998295,0,-898.0,0,,,,,,,,,,,,,,,,,,,,,,,,,,,,,
2019-07-17 12:08:00,148.35,148.35,148.1,148.15,16229.0,-0.25,0,13483.0,1,,,,,,,,,,,,,,,,,,,,,,,,,,,,,
2019-07-17 12:09:00,148.15,148.2,148.05,148.05,9739.0,-0.2999999999999829,0,-6490.0,0,,,,,,,,,,,,,,,,,,,,,,,,,,,,,
2019-07-17 12:10:00,148.1,148.1,148.05,148.05,1226.0,-0.09999999999999433,0,-8513.0,0,,,,,,,,,,,,,,,,,,,,,,,,,,,,,
2019-07-17 12:11:00,148.05,148.05,147.85,148.0,34442.0,-0.09999999999999433,0,33216.0,1,,,,,,,,,,,,,,,,,,,,,,,,,,,,,
2019-07-17 12:12:00,148.0,148.1,148.0,148.05,6436.0,0.0,0,-28006.0,0,,,,,,,,,,,,,,,,,,,,,,,,,,,,,
2019-07-17 12:13:00,147.95,147.95,147.95,147.95,2596.0,-0.05000000000001137,0,-3840.0,0,,,,,,,,,,,,,,,,,,,,,,,,,,,,,
2019-07-17 12:14:00,147.95,147.95,147.9,147.95,7510.0,0.0,0,4914.0,1,,,,,,,,,,,,,,,,,,,,,,,,,,,,,
2019-07-17 12:15:00,148.0,148.05,147.95,148.05,6235.0,0.10000000000002274,1,-1275.0,0,,,,,,,,,,,,,,,,,,,,,,,,,,,,,
2019-07-17 12:16:00,148.0,148.0,148.0,148.0,1058.0,0.0,0,-5177.0,0,,,,,,,,,,,,,,,,,,,,,,,,,,,,,
2019-07-17 12:17:00,148.0,148.05,148.0,148.0,6808.0,0.0,0,5750.0,1,,,,,,,,,,,,,,,,,,,,,,,,,,,,,
2019-07-17 12:18:00,148.0,148.05,147.95,148.0,11924.0,0.0,0,5116.0,1,,,,,,,,,,,,,,,,,,,,,,,,,,,,,
2019-07-17 12:19:00,148.0,148.0,148.0,148.0,362.0,0.0,0,-11562.0,0,,,,,,,,,,,,,,,,,,,,,,,,,,,,,
2019-07-17 12:20:00,147.95,148.0,147.95,148.0,7859.0,0.0,0,7497.0,1,,,,,,,,,,,,,,,,,,,,,,,,,,,,,
2019-07-17 12:21:00,148.0,148.1,148.0,148.1,3839.0,0.15000000000000568,1,-4020.0,0,,,,,,,,,,,,,,,,,,,,,,,,,,,,,
2019-07-17 12:22:00,148.1,148.15,148.1,148.15,3401.0,0.15000000000000568,1,-438.0,0,,,,,,,,,,,,,,,,,,,,,,,,,,,,,
2019-07-17 12:23:00,148.2,148.35,148.2,148.35,5436.0,0.25,1,2035.0,1,,,,,,,,,,,,,,,,,,,,,,,,,,,,,
2019-07-17 12:24:00,148.35,148.35,148.3,148.3,1022.0,0.10000000000002274,1,-4414.0,0,,,,,,,,,,,,,,,,,,,,,,,,,,,,,
2019-07-17 12:25:00,148.4,148.45,148.4,148.45,259.0,0.09999999999999433,1,-763.0,0,,,,,,,,,,,,,,,,,,,,,,,,,,,,,
2019-07-17 12:26:00,148.45,148.5,148.4,148.4,8032.0,0.0,0,7773.0,1,,,,,,,,,,,,,,,,,,,,,,,,,,,,,
2019-07-17 12:27:00,148.35,148.35,148.35,148.35,3.0,-0.09999999999999433,0,-8029.0,0,,,,,,,,,,,,,,,,,,,,,,,,,,,,,
2019-07-17 12:28:00,148.35,148.35,148.3,148.3,1832.0,-0.04999999999998295,0,1829.0,1,,,,,,,,,,,,,,,,,,,,,,,,,,,,,
2019-07-17 12:29:00,148.25,148.25,148.2,148.2,7385.0,-0.15000000000000568,0,5553.0,1,,,,,,,,,,,,,,,,,,,,,,,,,,,,,
2019-07-17 12:30:00,148.05,148.1,148.05,148.1,4069.0,-0.15000000000000568,0,-3316.0,0,,,,,,,,,,,,,,,,,,,,,,,,,,,,,
2019-07-17 12:31:00,148.15,148.25,148.15,148.25,4293.0,0.19999999999998866,1,224.0,1,,,,,,,,,,,,,,,,,,,,,,,,,,,,,
2019-07-17 12:32:00,148.25,148.25,148.25,148.25,12715.0,0.09999999999999433,1,8422.0,1,,,,,,,,,,,,,,,,,,,,,,,,,,,,,
2019-07-17 12:33:00,148.25,148.25,148.2,148.2,14735.0,-0.05000000000001137,0,2020.0,1,,,,,,,,,,,,,,,,,,,,,,,,,,,,,
2019-07-17 12:34:00,148.25,148.25,148.25,148.25,2286.0,0.0,0,-12449.0,0,,,,,,,,,,,,,,,,,,,,,,,,,,,,,
2019-07-17 12:35:00,148.3,148.3,148.2,148.2,886.0,-0.05000000000001137,0,-1400.0,0,,,,,,,,,,,,,,,,,,,,,,,,,,,,,
2019-07-17 12:36:00,148.2,148.2,148.15,148.15,5628.0,-0.15000000000000568,0,4742.0,1,,,,,,,,,,,,,,,,,,,,,,,,,,,,,
2019-07-17 12:37:00,148.15,148.2,148.15,148.2,731.0,0.0,0,-4897.0,0,,,,,,,,,,,,,,,,,,,,,,,,,,,,,
2019-07-17 12:38:00,148.15,148.15,148.1,148.1,1385.0,-0.05000000000001137,0,654.0,1,,,,,,,,,,,,,,,,,,,,,,,,,,,,,
2019-07-17 12:39:00,148.05,148.1,148.05,148.1,2503.0,-0.05000000000001137,0,1118.0,1,,,,,,,,,,,,,,,,,,,,,,,,,,,,,
2019-07-17 12:40:00,148.1,148.15,148.1,148.1,2005.0,0.04999999999998295,1,-498.0,0,,,,,,,,,,,,,,,,,,,,,,,,,,,,,
2019-07-17 12:41:00,148.1,148.1,148.05,148.05,4723.0,-0.04999999999998295,0,2718.0,1,,,,,,,,,,,,,,,,,,,,,,,,,,,,,
2019-07-17 12:42:00,148.05,148.05,148.0,148.0,11616.0,-0.09999999999999433,0,6893.0,1,,,,,,,,,,,,,,,,,,,,,,,,,,,,,
2019-07-17 12:43:00,148.0,148.0,147.95,147.95,8390.0,-0.10000000000002274,0,-3226.0,0,,,,,,,,,,,,,,,,,,,,,,,,,,,,,
2019-07-17 12:44:00,148.0,148.0,148.0,148.0,6263.0,0.0,0,-2127.0,0,,,,,,,,,,,,,,,,,,,,,,,,,,,,,
2019-07-17 12:45:00,148.0,148.0,148.0,148.0,2014.0,0.0,0,-4249.0,0,,,,,,,,,,,,,,,,,,,,,,,,,,,,,
2019-07-17 12:46:00,148.05,148.05,148.0,148.0,10894.0,0.0,0,8880.0,1,,,,,,,,,,,,,,,,,,,,,,,,,,,,,
2019-07-17 12:47:00,148.05,148.05,148.05,148.05,1204.0,0.0,0,-9690.0,0,,,,,,,,,,,,,,,,,,,,,,,,,,,,,
2019-07-17 12:48:00,148.1,148.25,148.1,148.25,22854.0,0.19999999999998866,1,21650.0,1,,,,,,,,,,,,,,,,,,,,,,,,,,,,,
2019-07-17 12:49:00,148.2,148.2,148.2,148.2,4442.0,0.09999999999999433,1,-18412.0,0,,,,,,,,,,,,,,,,,,,,,,,,,,,,,
2019-07-17 12:50:00,148.15,148.2,148.15,148.2,1921.0,0.0,0,-2521.0,0,,,,,,,,,,,,,,,,,,,,,,,,,,,,,
2019-07-17 12:51:00,148.15,148.15,148.1,148.1,4241.0,-0.05000000000001137,0,2320.0,1,,,,,,,,,,,,,,,,,,,,,,,,,,,,,
2019-07-17 12:52:00,148.1,148.15,148.1,148.15,46.0,0.0,0,-4195.0,0,,,,,,,,,,,,,,,,,,,,,,,,,,,,,
2019-07-17 12:53:00,148.1,148.1,148.05,148.05,4879.0,-0.04999999999998295,0,4833.0,1,,,,,,,,,,,,,,,,,,,,,,,,,,,,,
2019-07-17 12:54:00,148.05,148.1,148.05,148.1,7549.0,0.0,0,2670.0,1,,,,,,,,,,,,,,,,,,,,,,,,,,,,,
2019-07-17 12:55:00,148.1,148.1,148.05,148.05,3304.0,0.0,0,-4245.0,0,,,,,,,,,,,,,,,,,,,,,,,,,,,,,
2019-07-17 12:56:00,148.0,148.05,148.0,148.05,9676.0,-0.04999999999998295,0,6372.0,1,,,,,,,,,,,,,,,,,,,,,,,,,,,,,
2019-07-17 12:57:00,148.05,148.05,148.0,148.0,1987.0,0.0,0,-7689.0,0,,,,,,,,,,,,,,,,,,,,,,,,,,,,,
2019-07-17 12:58:00,148.0,148.0,148.0,148.0,1361.0,-0.05000000000001137,0,-626.0,0,,,,,,,,,,,,,,,,,,,,,,,,,,,,,
2019-07-17 12:59:00,148.0,148.05,147.95,147.95,2052.0,-0.05000000000001137,0,691.0,1,,,,,,,,,,,,,,,,,,,,,,,,,,,,,
2019-07-17 13:00:00,147.95,147.95,147.95,147.95,578.0,-0.05000000000001137,0,-1474.0,0,,,,,,,,,,,,,,,,,,,,,,,,,,,,,
2019-07-17 13:01:00,147.95,147.95,147.95,147.95,20.0,0.0,0,-558.0,0,,,,,,,,,,,,,,,,,,,,,,,,,,,,,
2019-07-17 13:02:00,147.9,147.9,147.9,147.9,19.0,-0.04999999999998295,0,-1.0,0,,,,,,,,,,,,,,,,,,,,,,,,,,,,,
2019-07-17 13:03:00,147.95,147.95,147.95,147.95,519.0,0.04999999999998295,1,500.0,1,,,,,,,,,,,,,,,,,,,,,,,,,,,,,
2019-07-17 13:04:00,147.95,148.0,147.9,147.9,12571.0,-0.04999999999998295,0,12052.0,1,,,,,,,,,,,,,,,,,,,,,,,,,,,,,
2019-07-17 13:05:00,147.85,147.85,147.8,147.8,3689.0,-0.14999999999997726,0,-8882.0,0,,,,,,,,,,,,,,,,,,,,,,,,,,,,,
2019-07-17 13:06:00,147.75,147.75,147.65,147.75,3061.0,-0.09999999999999433,0,-628.0,0,,,,,,,,,,,,,,,,,,,,,,,,,,,,,
2019-07-17 13:07:00,147.75,147.8,147.75,147.8,4390.0,0.05000000000001137,1,1329.0,1,,,,,,,,,,,,,,,,,,,,,,,,,,,,,
2019-07-17 13:08:00,147.85,147.85,147.85,147.85,430.0,0.09999999999999433,1,-3960.0,0,,,,,,,,,,,,,,,,,,,,,,,,,,,,,
2019-07-17 13:09:00,147.85,147.9,147.85,147.9,1844.0,0.05000000000001137,1,1414.0,1,,,,,,,,,,,,,,,,,,,,,,,,,,,,,
2019-07-17 13:10:00,147.9,147.95,147.9,147.95,3259.0,0.09999999999999433,1,1415.0,1,,,,,,,,,,,,,,,,,,,,,,,,,,,,,
2019-07-17 13:11:00,147.95,148.0,147.95,148.0,3200.0,0.09999999999999433,1,-59.0,0,,,,,,,,,,,,,,,,,,,,,,,,,,,,,
2019-07-17 13:12:00,148.0,148.05,148.0,148.05,3086.0,0.10000000000002274,1,-114.0,0,,,,,,,,,,,,,,,,,,,,,,,,,,,,,
2019-07-17 13:13:00,148.05,148.05,147.95,148.0,3366.0,0.0,0,280.0,1,,,,,,,,,,,,,,,,,,,,,,,,,,,,,
2019-07-17 13:14:00,148.0,148.05,148.0,148.05,2922.0,0.0,0,-444.0,0,,,,,,,,,,,,,,,,,,,,,,,,,,,,,
2019-07-17 13:15:00,148.05,148.05,148.0,148.0,2155.0,0.0,0,-767.0,0,,,,,,,,,,,,,,,,,,,,,,,,,,,,,
2019-07-17 13:16:00,147.95,147.95,147.95,147.95,1084.0,-0.10000000000002274,0,-1071.0,0,,,,,,,,,,,,,,,,,,,,,,,,,,,,,
2019-07-17 13:17:00,147.95,148.0,147.95,148.0,620.0,0.05000000000001137,1,-464.0,0,,,,,,,,,,,,,,,,,,,,,,,,,,,,,
2019-07-17 13:18:00,147.95,147.95,147.95,147.95,498.0,0.0,0,-122.0,0,,,,,,,,,,,,,,,,,,,,,,,,,,,,,
2019-07-17 13:19:00,147.95,147.95,147.95,147.95,520.0,0.0,0,22.0,1,,,,,,,,,,,,,,,,,,,,,,,,,,,,,
2019-07-17 13:20:00,147.9,147.9,147.85,147.85,3990.0,-0.09999999999999433,0,3470.0,1,,,,,,,,,,,,,,,,,,,,,,,,,,,,,
2019-07-17 13:21:00,147.9,147.9,147.85,147.85,4249.0,-0.05000000000001137,0,259.0,1,,,,,,,,,,,,,,,,,,,,,,,,,,,,,
2019-07-17 13:23:00,147.9,147.9,147.8,147.8,3436.0,-0.09999999999999433,0,-813.0,0,,,,,,,,,,,,,,,,,,,,,,,,,,,,,
2019-07-17 13:24:00,147.65,147.65,147.65,147.65,2666.0,-0.25,0,-770.0,0,,,,,,,,,,,,,,,,,,,,,,,,,,,,,
2019-07-17 13:25:00,147.65,147.65,147.65,147.65,393.0,0.0,0,-2273.0,0,,,,,,,,,,,,,,,,,,,,,,,,,,,,,
2019-07-17 13:26:00,147.6,147.6,147.55,147.55,665.0,-0.09999999999999433,0,272.0,1,,,,,,,,,,,,,,,,,,,,,,,,,,,,,
2019-07-17 13:27:00,147.6,147.6,147.6,147.6,2578.0,0.0,0,1913.0,1,,,,,,,,,,,,,,,,,,,,,,,,,,,,,
2019-07-17 13:28:00,147.65,147.65,147.65,147.65,9128.0,0.05000000000001137,1,6550.0,1,,,,,,,,,,,,,,,,,,,,,,,,,,,,,
2019-07-17 13:29:00,147.65,147.65,147.65,147.65,50.0,0.0,0,-9078.0,0,,,,,,,,,,,,,,,,,,,,,,,,,,,,,
2019-07-17 13:31:00,147.65,147.65,147.5,147.5,5904.0,-0.15000000000000568,0,5854.0,1,,,,,,,,,,,,,,,,,,,,,,,,,,,,,
2019-07-17 13:32:00,147.55,147.55,147.55,147.55,2036.0,-0.09999999999999433,0,-3868.0,0,,,,,,,,,,,,,,,,,,,,,,,,,,,,,
2019-07-17 13:33:00,147.45,147.45,147.4,147.4,3079.0,-0.15000000000000568,0,1043.0,1,,,,,,,,,,,,,,,,,,,,,,,,,,,,,
2019-07-17 13:34:00,147.45,147.45,147.4,147.4,5233.0,-0.04999999999998295,0,2154.0,1,,,,,,,,,,,,,,,,,,,,,,,,,,,,,
2019-07-17 13:35:00,147.35,147.35,147.15,147.2,8442.0,-0.25,0,3209.0,1,,,,,,,,,,,,,,,,,,,,,,,,,,,,,
2019-07-17 13:36:00,147.2,147.2,147.2,147.2,1362.0,-0.15000000000000568,0,-7080.0,0,,,,,,,,,,,,,,,,,,,,,,,,,,,,,
2019-07-17 13:37:00,147.2,147.25,147.2,147.25,8038.0,0.05000000000001137,1,6676.0,1,,,,,,,,,,,,,,,,,,,,,,,,,,,,,
2019-07-17 13:38:00,147.2,147.25,147.2,147.2,2781.0,0.0,0,-5257.0,0,,,,,,,,,,,,,,,,,,,,,,,,,,,,,
2019-07-17 13:39:00,147.15,147.2,147.15,147.2,2972.0,0.0,0,191.0,1,,,,,,,,,,,,,,,,,,,,,,,,,,,,,
2019-07-17 13:40:00,147.2,147.2,147.1,147.15,5670.0,0.0,0,2698.0,1,,,,,,,,,,,,,,,,,,,,,,,,,,,,,
2019-07-17 13:41:00,147.15,147.15,147.15,147.15,174.0,-0.04999999999998295,0,-5496.0,0,,,,,,,,,,,,,,,,,,,,,,,,,,,,,
2019-07-17 13:42:00,147.15,147.15,147.15,147.15,3346.0,0.0,0,3172.0,1,,,,,,,,,,,,,,,,,,,,,,,,,,,,,
2019-07-17 13:43:00,147.1,147.15,147.05,147.05,12440.0,-0.09999999999999433,0,9094.0,1,,,,,,,,,,,,,,,,,,,,,,,,,,,,,
2019-07-17 13:44:00,147.0,147.05,147.0,147.05,2367.0,-0.04999999999998295,0,-10073.0,0,,,,,,,,,,,,,,,,,,,,,,,,,,,,,
2019-07-17 13:45:00,147.1,147.1,147.1,147.1,3542.0,0.09999999999999433,1,1175.0,1,,,,,,,,,,,,,,,,,,,,,,,,,,,,,
2019-07-17 13:46:00,147.1,147.15,147.05,147.15,7627.0,0.05000000000001137,1,4085.0,1,,,,,,,,,,,,,,,,,,,,,,,,,,,,,
2019-07-17 13:47:00,147.2,147.2,147.1,147.1,5019.0,0.0,0,-2608.0,0,,,,,,,,,,,,,,,,,,,,,,,,,,,,,
2019-07-17 13:48:00,147.1,147.1,147.1,147.1,1918.0,-0.09999999999999433,0,-3101.0,0,,,,,,,,,,,,,,,,,,,,,,,,,,,,,
2019-07-17 13:49:00,147.1,147.1,147.05,147.1,1324.0,0.0,0,-594.0,0,,,,,,,,,,,,,,,,,,,,,,,,,,,,,
2019-07-17 13:50:00,147.1,147.1,147.1,147.1,1219.0,0.0,0,-105.0,0,,,,,,,,,,,,,,,,,,,,,,,,,,,,,
2019-07-17 13:51:00,147.1,147.1,147.1,147.1,1483.0,0.0,0,264.0,1,,,,,,,,,,,,,,,,,,,,,,,,,,,,,
2019-07-17 13:52:00,147.1,147.1,147.1,147.1,3420.0,0.0,0,1937.0,1,,,,,,,,,,,,,,,,,,,,,,,,,,,,,
2019-07-17 13:53:00,147.15,147.25,147.15,147.25,5394.0,0.15000000000000568,1,1974.0,1,,,,,,,,,,,,,,,,,,,,,,,,,,,,,
2019-07-17 13:54:00,147.25,147.35,147.25,147.35,3955.0,0.19999999999998866,1,-1439.0,0,,,,,,,,,,,,,,,,,,,,,,,,,,,,,
2019-07-17 13:55:00,147.4,147.4,147.35,147.35,5273.0,0.09999999999999433,1,1318.0,1,,,,,,,,,,,,,,,,,,,,,,,,,,,,,
2019-07-17 13:56:00,147.35,147.4,147.3,147.3,1885.0,-0.09999999999999433,0,-3388.0,0,,,,,,,,,,,,,,,,,,,,,,,,,,,,,
2019-07-17 13:57:00,147.35,147.4,147.35,147.4,1659.0,0.05000000000001137,1,-226.0,0,,,,,,,,,,,,,,,,,,,,,,,,,,,,,
2019-07-17 13:58:00,147.4,147.5,147.4,147.45,9742.0,0.09999999999999433,1,8083.0,1,,,,,,,,,,,,,,,,,,,,,,,,,,,,,
2019-07-17 13:59:00,147.45,147.6,147.45,147.6,8025.0,0.19999999999998866,1,-1717.0,0,,,,,,,,,,,,,,,,,,,,,,,,,,,,,
2019-07-17 14:00:00,147.6,147.6,147.5,147.5,4583.0,0.05000000000001137,1,-3442.0,0,,,,,,,,,,,,,,,,,,,,,,,,,,,,,
2019-07-17 14:01:00,147.5,147.5,147.45,147.5,8380.0,-0.09999999999999433,0,3797.0,1,,,,,,,,,,,,,,,,,,,,,,,,,,,,,
2019-07-17 14:02:00,147.5,147.5,147.45,147.45,7292.0,-0.05000000000001137,0,-1088.0,0,,,,,,,,,,,,,,,,,,,,,,,,,,,,,
2019-07-17 14:03:00,147.4,147.4,147.35,147.35,7566.0,-0.15000000000000568,0,274.0,1,,,,,,,,,,,,,,,,,,,,,,,,,,,,,
2019-07-17 14:04:00,147.35,147.4,147.35,147.4,3150.0,0.0,0,-4416.0,0,,,,,,,,,,,,,,,,,,,,,,,,,,,,,
2019-07-17 14:05:00,147.4,147.4,147.35,147.35,1076.0,0.0,0,-2074.0,0,,,,,,,,,,,,,,,,,,,,,,,,,,,,,
2019-07-17 14:06:00,147.3,147.3,147.25,147.25,3161.0,-0.15000000000000568,0,2085.0,1,,,,,,,,,,,,,,,,,,,,,,,,,,,,,
2019-07-17 14:07:00,147.3,147.35,147.3,147.3,7857.0,0.0,0,4696.0,1,,,,,,,,,,,,,,,,,,,,,,,,,,,,,
2019-07-17 14:08:00,147.3,147.3,147.2,147.2,7000.0,-0.10000000000002274,0,-857.0,0,,,,,,,,,,,,,,,,,,,,,,,,,,,,,
2019-07-17 14:09:00,147.25,147.3,147.25,147.3,5551.0,0.0,0,-1449.0,0,,,,,,,,,,,,,,,,,,,,,,,,,,,,,
2019-07-17 14:10:00,147.3,147.35,147.3,147.35,2459.0,0.09999999999999433,1,-3092.0,0,,,,,,,,,,,,,,,,,,,,,,,,,,,,,
2019-07-17 14:11:00,147.4,147.4,147.4,147.4,12.0,0.09999999999999433,1,-2447.0,0,,,,,,,,,,,,,,,,,,,,,,,,,,,,,
2019-07-17 14:12:00,147.35,147.35,147.3,147.3,4927.0,-0.09999999999999433,0,4915.0,1,,,,,,,,,,,,,,,,,,,,,,,,,,,,,
2019-07-17 14:13:00,147.35,147.35,147.3,147.3,864.0,-0.04999999999998295,0,-4063.0,0,,,,,,,,,,,,,,,,,,,,,,,,,,,,,
2019-07-17 14:14:00,147.3,147.35,147.3,147.35,3415.0,0.0,0,2551.0,1,,,,,,,,,,,,,,,,,,,,,,,,,,,,,
2019-07-17 14:15:00,147.35,147.35,147.25,147.25,1930.0,-0.05000000000001137,0,-1485.0,0,,,,,,,,,,,,,,,,,,,,,,,,,,,,,
2019-07-17 14:16:00,147.2,147.25,147.2,147.2,7888.0,-0.15000000000000568,0,5958.0,1,,,,,,,,,,,,,,,,,,,,,,,,,,,,,
2019-07-17 14:17:00,147.25,147.25,147.25,147.25,4365.0,0.05000000000001137,1,-3523.0,0,,,,,,,,,,,,,,,,,,,,,,,,,,,,,
2019-07-17 14:18:00,147.3,147.3,147.3,147.3,990.0,0.05000000000001137,1,-3375.0,0,,,,,,,,,,,,,,,,,,,,,,,,,,,,,
2019-07-17 14:19:00,147.3,147.4,147.3,147.4,6254.0,0.09999999999999433,1,5264.0,1,,,,,,,,,,,,,,,,,,,,,,,,,,,,,
2019-07-17 14:21:00,147.4,147.4,147.4,147.4,3944.0,0.09999999999999433,1,-2310.0,0,,,,,,,,,,,,,,,,,,,,,,,,,,,,,
2019-07-17 14:22:00,147.45,147.45,147.45,147.45,2679.0,0.04999999999998295,1,-1265.0,0,,,,,,,,,,,,,,,,,,,,,,,,,,,,,
2019-07-17 14:23:00,147.4,147.4,147.35,147.35,921.0,-0.09999999999999433,0,-1758.0,0,,,,,,,,,,,,,,,,,,,,,,,,,,,,,
2019-07-17 14:24:00,147.4,147.4,147.4,147.4,3.0,0.0,0,-918.0,0,,,,,,,,,,,,,,,,,,,,,,,,,,,,,
2019-07-17 14:26:00,147.35,147.35,147.35,147.35,2517.0,-0.05000000000001137,0,2514.0,1,,,,,,,,,,,,,,,,,,,,,,,,,,,,,
2019-07-17 14:27:00,147.35,147.35,147.35,147.35,2893.0,0.0,0,376.0,1,,,,,,,,,,,,,,,,,,,,,,,,,,,,,
2019-07-17 14:28:00,147.3,147.35,147.3,147.35,1839.0,0.0,0,-1054.0,0,,,,,,,,,,,,,,,,,,,,,,,,,,,,,
2019-07-17 14:29:00,147.3,147.3,147.3,147.3,1213.0,0.0,0,-626.0,0,,,,,,,,,,,,,,,,,,,,,,,,,,,,,
2019-07-17 14:30:00,147.35,147.35,147.35,147.35,858.0,0.04999999999998295,1,-355.0,0,,,,,,,,,,,,,,,,,,,,,,,,,,,,,
2019-07-17 14:31:00,147.35,147.35,147.35,147.35,935.0,0.0,0,77.0,1,,,,,,,,,,,,,,,,,,,,,,,,,,,,,
2019-07-17 14:32:00,147.3,147.3,147.3,147.3,6705.0,-0.04999999999998295,0,5770.0,1,,,,,,,,,,,,,,,,,,,,,,,,,,,,,
2019-07-17 14:33:00,147.35,147.4,147.35,147.4,4376.0,0.09999999999999433,1,-2329.0,0,,,,,,,,,,,,,,,,,,,,,,,,,,,,,
2019-07-17 14:34:00,147.4,147.4,147.3,147.3,3798.0,-0.04999999999998295,0,-578.0,0,,,,,,,,,,,,,,,,,,,,,,,,,,,,,
2019-07-17 14:35:00,147.3,147.4,147.3,147.4,5815.0,0.0,0,2017.0,1,,,,,,,,,,,,,,,,,,,,,,,,,,,,,
2019-07-17 14:36:00,147.4,147.4,147.35,147.35,2307.0,0.04999999999998295,1,-3508.0,0,,,,,,,,,,,,,,,,,,,,,,,,,,,,,
2019-07-17 14:37:00,147.35,147.4,147.35,147.4,3098.0,0.0,0,791.0,1,,,,,,,,,,,,,,,,,,,,,,,,,,,,,
2019-07-17 14:38:00,147.4,147.4,147.4,147.4,2450.0,0.05000000000001137,1,-648.0,0,,,,,,,,,,,,,,,,,,,,,,,,,,,,,
2019-07-17 14:39:00,147.35,147.4,147.35,147.4,4056.0,0.0,0,1606.0,1,,,,,,,,,,,,,,,,,,,,,,,,,,,,,
2019-07-17 14:40:00,147.45,147.45,147.4,147.4,101.0,0.05000000000001137,1,-3955.0,0,,,,,,,,,,,,,,,,,,,,,,,,,,,,,
2019-07-17 14:41:00,147.35,147.5,147.35,147.5,9956.0,0.05000000000001137,1,9855.0,1,,,,,,,,,,,,,,,,,,,,,,,,,,,,,
2019-07-17 14:42:00,147.55,147.55,147.5,147.55,3955.0,0.20000000000001705,1,-6001.0,0,,,,,,,,,,,,,,,,,,,,,,,,,,,,,
2019-07-17 14:44:00,147.55,147.6,147.55,147.6,7715.0,0.04999999999998295,1,3760.0,1,,,,,,,,,,,,,,,,,,,,,,,,,,,,,
2019-07-17 14:45:00,147.65,147.8,147.6,147.8,11493.0,0.25,1,3778.0,1,,,,,,,,,,,,,,,,,,,,,,,,,,,,,
2019-07-17 14:46:00,147.8,147.8,147.65,147.65,7457.0,0.0,0,-4036.0,0,,,,,,,,,,,,,,,,,,,,,,,,,,,,,
2019-07-17 14:47:00,147.7,147.7,147.65,147.65,615.0,-0.15000000000000568,0,-6842.0,0,,,,,,,,,,,,,,,,,,,,,,,,,,,,,
2019-07-17 14:48:00,147.65,147.65,147.6,147.65,11435.0,-0.04999999999998295,0,10820.0,1,,,,,,,,,,,,,,,,,,,,,,,,,,,,,
2019-07-17 14:49:00,147.6,147.6,147.6,147.6,2453.0,-0.05000000000001137,0,-8982.0,0,,,,,,,,,,,,,,,,,,,,,,,,,,,,,
2019-07-17 14:50:00,147.65,147.65,147.6,147.6,5137.0,0.0,0,2684.0,1,,,,,,,,,,,,,,,,,,,,,,,,,,,,,
2019-07-17 14:51:00,147.55,147.6,147.55,147.6,4853.0,-0.05000000000001137,0,-284.0,0,,,,,,,,,,,,,,,,,,,,,,,,,,,,,
2019-07-17 14:52:00,147.6,147.6,147.6,147.6,1576.0,0.04999999999998295,1,-3277.0,0,,,,,,,,,,,,,,,,,,,,,,,,,,,,,
2019-07-17 14:53:00,147.6,147.6,147.6,147.6,793.0,0.0,0,-783.0,0,,,,,,,,,,,,,,,,,,,,,,,,,,,,,
2019-07-17 14:54:00,147.55,147.55,147.5,147.5,1307.0,-0.09999999999999433,0,514.0,1,,,,,,,,,,,,,,,,,,,,,,,,,,,,,
2019-07-17 14:55:00,147.5,147.5,147.45,147.45,5292.0,-0.10000000000002274,0,3985.0,1,,,,,,,,,,,,,,,,,,,,,,,,,,,,,
2019-07-17 14:56:00,147.4,147.4,147.35,147.35,4824.0,-0.15000000000000568,0,-468.0,0,,,,,,,,,,,,,,,,,,,,,,,,,,,,,
2019-07-17 14:57:00,147.35,147.35,147.3,147.3,10741.0,-0.09999999999999433,0,5917.0,1,,,,,,,,,,,,,,,,,,,,,,,,,,,,,
2019-07-17 14:58:00,147.3,147.35,147.3,147.35,5732.0,0.0,0,-5009.0,0,,,,,,,,,,,,,,,,,,,,,,,,,,,,,
2019-07-17 14:59:00,147.4,147.5,147.4,147.5,2318.0,0.19999999999998866,1,-3414.0,0,,,,,,,,,,,,,,,,,,,,,,,,,,,,,
2019-07-17 15:00:00,147.5,147.55,147.5,147.55,19940.0,0.15000000000000568,1,17622.0,1,,,,,,,,,,,,,,,,,,,,,,,,,,,,,
2019-07-17 15:01:00,147.55,147.55,147.55,147.55,1441.0,0.05000000000001137,1,-18499.0,0,,,,,,,,,,,,,,,,,,,,,,,,,,,,,
2019-07-17 15:02:00,147.55,147.65,147.55,147.65,4997.0,0.09999999999999433,1,3556.0,1,,,,,,,,,,,,,,,,,,,,,,,,,,,,,
2019-07-17 15:03:00,147.6,147.65,147.6,147.65,2351.0,0.09999999999999433,1,-2646.0,0,,,,,,,,,,,,,,,,,,,,,,,,,,,,,
2019-07-17 15:04:00,147.65,147.65,147.65,147.65,1400.0,0.05000000000001137,1,-951.0,0,,,,,,,,,,,,,,,,,,,,,,,,,,,,,
2019-07-17 15:05:00,147.65,147.65,147.6,147.6,3771.0,-0.05000000000001137,0,2371.0,1,,,,,,,,,,,,,,,,,,,,,,,,,,,,,
2019-07-17 15:06:00,147.5,147.5,147.5,147.5,3064.0,-0.15000000000000568,0,-707.0,0,,,,,,,,,,,,,,,,,,,,,,,,,,,,,
2019-07-17 15:07:00,147.5,147.5,147.45,147.45,3005.0,-0.05000000000001137,0,-59.0,0,,,,,,,,,,,,,,,,,,,,,,,,,,,,,
2019-07-17 15:08:00,147.45,147.45,147.4,147.45,4007.0,-0.05000000000001137,0,1002.0,1,,,,,,,,,,,,,,,,,,,,,,,,,,,,,
2019-07-17 15:09:00,147.45,147.45,147.45,147.45,809.0,0.0,0,-3198.0,0,,,,,,,,,,,,,,,,,,,,,,,,,,,,,
2019-07-17 15:10:00,147.45,147.45,147.45,147.45,5677.0,0.0,0,4868.0,1,,,,,,,,,,,,,,,,,,,,,,,,,,,,,
2019-07-17 15:11:00,147.5,147.6,147.5,147.6,12434.0,0.15000000000000568,1,6757.0,1,,,,,,,,,,,,,,,,,,,,,,,,,,,,,
2019-07-17 15:12:00,147.55,147.55,147.5,147.5,1425.0,0.0,0,-11009.0,0,,,,,,,,,,,,,,,,,,,,,,,,,,,,,
2019-07-17 15:13:00,147.5,147.5,147.5,147.5,2682.0,-0.05000000000001137,0,1257.0,1,,,,,,,,,,,,,,,,,,,,,,,,,,,,,
2019-07-17 15:14:00,147.5,147.5,147.5,147.5,6312.0,0.0,0,3630.0,1,,,,,,,,,,,,,,,,,,,,,,,,,,,,,
2019-07-17 15:15:00,147.5,147.55,147.5,147.55,5354.0,0.05000000000001137,1,-958.0,0,,,,,,,,,,,,,,,,,,,,,,,,,,,,,
2019-07-17 15:17:00,147.55,147.6,147.55,147.55,1276.0,0.05000000000001137,1,-4078.0,0,,,,,,,,,,,,,,,,,,,,,,,,,,,,,
2019-07-17 15:19:00,147.55,147.55,147.55,147.55,356.0,0.0,0,-920.0,0,,,,,,,,,,,,,,,,,,,,,,,,,,,,,
2019-07-17 15:20:00,147.55,147.55,147.55,147.55,1569.0,0.0,0,1213.0,1,,,,,,,,,,,,,,,,,,,,,,,,,,,,,
2019-07-17 15:21:00,147.6,147.7,147.6,147.7,22209.0,0.14999999999997726,1,20640.0,1,,,,,,,,,,,,,,,,,,,,,,,,,,,,,
2019-07-17 15:22:00,147.6,147.65,147.55,147.65,9156.0,0.05000000000001137,1,-13053.0,0,,,,,,,,,,,,,,,,,,,,,,,,,,,,,
2019-07-17 15:23:00,147.7,147.7,147.65,147.65,2071.0,0.05000000000001137,1,-7085.0,0,,,,,,,,,,,,,,,,,,,,,,,,,,,,,
2019-07-17 15:24:00,147.6,147.65,147.6,147.65,1289.0,-0.04999999999998295,0,-782.0,0,,,,,,,,,,,,,,,,,,,,,,,,,,,,,
2019-07-17 15:25:00,147.6,147.6,147.5,147.5,8649.0,-0.09999999999999433,0,7360.0,1,,,,,,,,,,,,,,,,,,,,,,,,,,,,,
2019-07-17 15:26:00,147.45,147.45,147.45,147.45,6298.0,-0.15000000000000568,0,-2351.0,0,,,,,,,,,,,,,,,,,,,,,,,,,,,,,
2019-07-17 15:27:00,147.45,147.45,147.45,147.45,137.0,0.0,0,-6161.0,0,,,,,,,,,,,,,,,,,,,,,,,,,,,,,
2019-07-17 15:28:00,147.4,147.4,147.35,147.35,1714.0,-0.09999999999999433,0,1577.0,1,,,,,,,,,,,,,,,,,,,,,,,,,,,,,
2019-07-17 15:29:00,147.3,147.35,147.3,147.35,5629.0,-0.05000000000001137,0,3915.0,1,,,,,,,,,,,,,,,,,,,,,,,,,,,,,
2019-07-17 15:30:00,147.35,147.35,147.3,147.3,3860.0,0.0,0,-1769.0,0,,,,,,,,,,,,,,,,,,,,,,,,,,,,,
2019-07-17 15:31:00,147.3,147.3,147.2,147.2,9502.0,-0.15000000000000568,0,5642.0,1,,,,,,,,,,,,,,,,,,,,,,,,,,,,,
2019-07-17 15:32:00,147.2,147.25,147.2,147.2,8652.0,-0.10000000000002274,0,-850.0,0,,,,,,,,,,,,,,,,,,,,,,,,,,,,,
2019-07-17 15:33:00,147.1,147.1,147.1,147.1,5912.0,-0.09999999999999433,0,-2740.0,0,,,,,,,,,,,,,,,,,,,,,,,,,,,,,
2019-07-17 15:34:00,147.1,147.1,146.9,146.9,22919.0,-0.19999999999998866,0,17007.0,1,,,,,,,,,,,,,,,,,,,,,,,,,,,,,
2019-07-17 15:35:00,146.95,147.0,146.95,147.0,16914.0,-0.09999999999999433,0,-6005.0,0,,,,,,,,,,,,,,,,,,,,,,,,,,,,,
2019-07-17 15:36:00,147.05,147.05,146.9,146.9,12421.0,-0.04999999999998295,0,-4493.0,0,,,,,,,,,,,,,,,,,,,,,,,,,,,,,
2019-07-17 15:37:00,146.9,146.9,146.75,146.75,3404.0,-0.30000000000001137,0,-9017.0,0,,,,,,,,,,,,,,,,,,,,,,,,,,,,,
2019-07-17 15:38:00,146.7,146.7,146.7,146.7,9284.0,-0.20000000000001705,0,5880.0,1,,,,,,,,,,,,,,,,,,,,,,,,,,,,,
2019-07-17 15:39:00,146.65,146.7,146.65,146.65,3341.0,-0.04999999999998295,0,-5943.0,0,,,,,,,,,,,,,,,,,,,,,,,,,,,,,
2019-07-17 15:40:00,146.65,146.75,146.65,146.7,19068.0,0.04999999999998295,1,15727.0,1,,,,,,,,,,,,,,,,,,,,,,,,,,,,,
2019-07-17 15:41:00,146.7,146.7,146.65,146.7,13157.0,0.04999999999998295,1,-5911.0,0,,,,,,,,,,,,,,,,,,,,,,,,,,,,,
2019-07-17 15:42:00,146.7,146.7,146.55,146.6,5464.0,-0.09999999999999433,0,-7693.0,0,,,,,,,,,,,,,,,,,,,,,,,,,,,,,
2019-07-17 15:43:00,146.6,146.75,146.6,146.7,20744.0,0.0,0,15280.0,1,,,,,,,,,,,,,,,,,,,,,,,,,,,,,
2019-07-17 15:44:00,146.65,146.7,146.6,146.7,6819.0,0.09999999999999433,1,-13925.0,0,,,,,,,,,,,,,,,,,,,,,,,,,,,,,
2019-07-17 15:45:00,146.7,146.75,146.7,146.75,4467.0,0.09999999999999433,1,-2352.0,0,,,,,,,,,,,,,,,,,,,,,,,,,,,,,
2019-07-17 15:46:00,146.7,146.75,146.7,146.7,5360.0,0.0,0,893.0,1,,,,,,,,,,,,,,,,,,,,,,,,,,,,,
2019-07-17 15:47:00,146.65,146.65,146.6,146.6,1181.0,-0.09999999999999433,0,-4179.0,0,,,,,,,,,,,,,,,,,,,,,,,,,,,,,
2019-07-17 15:48:00,146.55,146.55,146.45,146.45,5257.0,-0.20000000000001705,0,4076.0,1,,,,,,,,,,,,,,,,,,,,,,,,,,,,,
2019-07-17 15:49:00,146.4,146.45,146.4,146.4,10406.0,-0.15000000000000568,0,5149.0,1,,,,,,,,,,,,,,,,,,,,,,,,,,,,,
2019-07-17 15:50:00,146.45,146.5,146.45,146.5,15156.0,0.09999999999999433,1,4750.0,1,,,,,,,,,,,,,,,,,,,,,,,,,,,,,
2019-07-17 15:51:00,146.5,146.5,146.3,146.35,25734.0,-0.09999999999999433,0,10578.0,1,,,,,,,,,,,,,,,,,,,,,,,,,,,,,
2019-07-17 15:52:00,146.35,146.45,146.3,146.4,42920.0,-0.09999999999999433,0,17186.0,1,,,,,,,,,,,,,,,,,,,,,,,,,,,,,
2019-07-17 15:53:00,146.45,146.5,146.4,146.4,16546.0,0.05000000000001137,1,-26374.0,0,,,,,,,,,,,,,,,,,,,,,,,,,,,,,
2019-07-17 15:54:00,146.35,146.4,146.3,146.4,13053.0,-0.04999999999998295,0,-3493.0,0,,,,,,,,,,,,,,,,,,,,,,,,,,,,,
2019-07-17 15:56:00,146.45,146.5,146.4,146.5,12007.0,0.15000000000000568,1,-1046.0,0,,,,,,,,,,,,,,,,,,,,,,,,,,,,,
2019-07-17 15:57:00,146.5,146.55,146.5,146.55,8570.0,0.10000000000002274,1,-3437.0,0,,,,,,,,,,,,,,,,,,,,,,,,,,,,,
2019-07-17 15:58:00,146.55,146.6,146.55,146.55,4621.0,0.05000000000001137,1,-3949.0,0,,,,,,,,,,,,,,,,,,,,,,,,,,,,,
2019-07-17 15:59:00,146.6,146.65,146.6,146.65,3220.0,0.09999999999999433,1,-1401.0,0,,,,,,,,,,,,,,,,,,,,,,,,,,,,,
2019-07-17 16:00:00,146.65,146.65,146.45,146.5,10075.0,-0.09999999999999433,0,6855.0,1,,,,,,,,,,,,,,,,,,,,,,,,,,,,,
2019-07-17 16:01:00,146.5,146.55,146.5,146.55,15126.0,-0.09999999999999433,0,5051.0,1,,,,,,,,,,,,,,,,,,,,,,,,,,,,,
2019-07-17 16:02:00,146.55,146.55,146.45,146.5,4087.0,0.0,0,-11039.0,0,,,,,,,,,,,,,,,,,,,,,,,,,,,,,
2019-07-17 16:03:00,146.45,146.45,146.45,146.45,9056.0,-0.10000000000002274,0,4969.0,1,,,,,,,,,,,,,,,,,,,,,,,,,,,,,
2019-07-17 16:04:00,146.5,146.5,146.5,146.5,9772.0,0.05000000000001137,1,716.0,1,,,,,,,,,,,,,,,,,,,,,,,,,,,,,
2019-07-17 16:05:00,146.5,146.6,146.5,146.5,15232.0,0.0,0,5460.0,1,,,,,,,,,,,,,,,,,,,,,,,,,,,,,
2019-07-17 16:06:00,146.5,146.65,146.5,146.65,8081.0,0.15000000000000568,1,-7151.0,0,,,,,,,,,,,,,,,,,,,,,,,,,,,,,
2019-07-17 16:07:00,146.65,146.65,146.6,146.6,5003.0,0.09999999999999433,1,-3078.0,0,,,,,,,,,,,,,,,,,,,,,,,,,,,,,
2019-07-17 16:08:00,146.55,146.55,146.5,146.5,2666.0,-0.15000000000000568,0,-2337.0,0,,,,,,,,,,,,,,,,,,,,,,,,,,,,,
2019-07-17 16:09:00,146.5,146.5,146.45,146.45,7618.0,-0.10000000000002274,0,4952.0,1,,,,,,,,,,,,,,,,,,,,,,,,,,,,,
2019-07-17 16:10:00,146.45,146.45,146.3,146.3,16344.0,-0.19999999999998866,0,8726.0,1,,,,,,,,,,,,,,,,,,,,,,,,,,,,,
2019-07-17 16:11:00,146.3,146.3,146.25,146.3,7489.0,-0.14999999999997726,0,-8855.0,0,,,,,,,,,,,,,,,,,,,,,,,,,,,,,
2019-07-17 16:12:00,146.3,146.3,146.3,146.3,6890.0,0.0,0,-599.0,0,,,,,,,,,,,,,,,,,,,,,,,,,,,,,
2019-07-17 16:13:00,146.25,146.25,146.1,146.2,18521.0,-0.10000000000002274,0,11631.0,1,,,,,,,,,,,,,,,,,,,,,,,,,,,,,
2019-07-17 16:14:00,146.15,146.2,146.1,146.2,16405.0,-0.05000000000001137,0,-2116.0,0,,,,,,,,,,,,,,,,,,,,,,,,,,,,,
2019-07-17 16:15:00,146.2,146.25,146.05,146.05,36630.0,-0.09999999999999433,0,20225.0,1,,,,,,,,,,,,,,,,,,,,,,,,,,,,,
2019-07-17 16:16:00,146.0,146.0,145.85,145.9,19752.0,-0.2999999999999829,0,-16878.0,0,,,,,,,,,,,,,,,,,,,,,,,,,,,,,
2019-07-17 16:17:00,145.95,146.05,145.95,146.05,10737.0,0.05000000000001137,1,-9015.0,0,,,,,,,,,,,,,,,,,,,,,,,,,,,,,
2019-07-17 16:18:00,146.05,146.05,146.05,146.05,1889.0,0.10000000000002274,1,-8848.0,0,,,,,,,,,,,,,,,,,,,,,,,,,,,,,
2019-07-17 16:19:00,146.1,146.15,146.1,146.15,14768.0,0.09999999999999433,1,12879.0,1,,,,,,,,,,,,,,,,,,,,,,,,,,,,,
2019-07-17 16:20:00,146.1,146.1,146.0,146.0,2821.0,-0.09999999999999433,0,-11947.0,0,,,,,,,,,,,,,,,,,,,,,,,,,,,,,
2019-07-17 16:21:00,146.0,146.05,145.95,146.0,17341.0,-0.09999999999999433,0,14520.0,1,,,,,,,,,,,,,,,,,,,,,,,,,,,,,
2019-07-17 16:22:00,146.0,146.15,146.0,146.1,9284.0,0.09999999999999433,1,-8057.0,0,,,,,,,,,,,,,,,,,,,,,,,,,,,,,
2019-07-17 16:23:00,146.05,146.15,146.05,146.15,6367.0,0.15000000000000568,1,-2917.0,0,,,,,,,,,,,,,,,,,,,,,,,,,,,,,
2019-07-17 16:24:00,146.2,146.2,146.15,146.15,2103.0,0.09999999999999433,1,-4264.0,0,,,,,,,,,,,,,,,,,,,,,,,,,,,,,
2019-07-17 16:25:00,146.2,146.2,146.0,146.0,6453.0,-0.19999999999998866,0,4350.0,1,,,,,,,,,,,,,,,,,,,,,,,,,,,,,
2019-07-17 16:26:00,146.0,146.0,146.0,146.0,3081.0,-0.19999999999998866,0,-3372.0,0,,,,,,,,,,,,,,,,,,,,,,,,,,,,,
2019-07-17 16:27:00,146.0,146.05,146.0,146.05,19669.0,0.05000000000001137,1,16588.0,1,,,,,,,,,,,,,,,,,,,,,,,,,,,,,
2019-07-17 16:28:00,146.05,146.05,146.05,146.05,1295.0,0.05000000000001137,1,-18374.0,0,,,,,,,,,,,,,,,,,,,,,,,,,,,,,
2019-07-17 16:29:00,146.05,146.1,146.05,146.05,7489.0,0.0,0,6194.0,1,,,,,,,,,,,,,,,,,,,,,,,,,,,,,
2019-07-17 16:30:00,146.05,146.05,146.0,146.0,3320.0,-0.05000000000001137,0,-4169.0,0,,,,,,,,,,,,,,,,,,,,,,,,,,,,,
2019-07-17 16:31:00,145.95,146.0,145.95,145.95,19632.0,-0.10000000000002274,0,16312.0,1,,,,,,,,,,,,,,,,,,,,,,,,,,,,,
2019-07-17 16:32:00,145.95,146.0,145.9,145.95,9979.0,0.0,0,-9653.0,0,,,,,,,,,,,,,,,,,,,,,,,,,,,,,
2019-07-17 16:33:00,145.95,145.95,145.9,145.9,3483.0,-0.04999999999998295,0,-6496.0,0,,,,,,,,,,,,,,,,,,,,,,,,,,,,,
2019-07-17 16:34:00,145.95,146.0,145.95,146.0,9713.0,0.05000000000001137,1,6230.0,1,,,,,,,,,,,,,,,,,,,,,,,,,,,,,
2019-07-17 16:35:00,145.95,146.0,145.9,145.9,13781.0,-0.04999999999998295,0,4068.0,1,,,,,,,,,,,,,,,,,,,,,,,,,,,,,
2019-07-17 16:36:00,145.95,146.05,145.95,146.05,22947.0,0.10000000000002274,1,9166.0,1,,,,,,,,,,,,,,,,,,,,,,,,,,,,,
2019-07-17 16:37:00,146.05,146.1,146.0,146.0,15373.0,0.05000000000001137,1,-7574.0,0,,,,,,,,,,,,,,,,,,,,,,,,,,,,,
2019-07-17 16:38:00,146.1,146.1,146.1,146.1,7730.0,0.04999999999998295,1,-7643.0,0,,,,,,,,,,,,,,,,,,,,,,,,,,,,,
2019-07-17 16:39:00,146.15,146.25,146.15,146.2,18205.0,0.09999999999999433,1,10475.0,1,,,,,,,,,,,,,,,,,,,,,,,,,,,,,
2019-07-17 16:40:00,146.2,146.2,146.1,146.1,10440.0,-0.05000000000001137,0,-7765.0,0,,,,,,,,,,,,,,,,,,,,,,,,,,,,,
2019-07-17 16:41:00,146.1,146.15,146.1,146.15,9920.0,-0.04999999999998295,0,-520.0,0,,,,,,,,,,,,,,,,,,,,,,,,,,,,,
2019-07-17 16:42:00,146.2,146.2,146.15,146.15,5735.0,0.05000000000001137,1,-4185.0,0,,,,,,,,,,,,,,,,,,,,,,,,,,,,,
2019-07-17 16:43:00,146.15,146.2,146.15,146.2,7873.0,0.0,0,2138.0,1,,,,,,,,,,,,,,,,,,,,,,,,,,,,,
2019-07-17 16:44:00,146.2,146.2,146.15,146.15,3551.0,0.0,0,-4322.0,0,,,,,,,,,,,,,,,,,,,,,,,,,,,,,
2019-07-17 16:45:00,146.1,146.1,146.05,146.05,5151.0,-0.14999999999997726,0,1600.0,1,,,,,,,,,,,,,,,,,,,,,,,,,,,,,
2019-07-17 16:46:00,146.1,146.1,146.05,146.05,3859.0,-0.04999999999998295,0,-1292.0,0,,,,,,,,,,,,,,,,,,,,,,,,,,,,,
2019-07-17 16:47:00,146.05,146.05,146.0,146.0,8275.0,-0.09999999999999433,0,4416.0,1,,,,,,,,,,,,,,,,,,,,,,,,,,,,,
2019-07-17 16:48:00,146.0,146.0,145.95,146.0,4272.0,-0.05000000000001137,0,-4003.0,0,,,,,,,,,,,,,,,,,,,,,,,,,,,,,
2019-07-17 16:49:00,146.0,146.0,145.9,145.9,11676.0,-0.09999999999999433,0,7404.0,1,,,,,,,,,,,,,,,,,,,,,,,,,,,,,
2019-07-17 16:50:00,145.85,145.85,145.85,145.85,14524.0,-0.15000000000000568,0,2848.0,1,,,,,,,,,,,,,,,,,,,,,,,,,,,,,
2019-07-17 16:51:00,145.85,145.95,145.85,145.9,30617.0,0.05000000000001137,1,16093.0,1,,,,,,,,,,,,,,,,,,,,,,,,,,,,,
2019-07-17 16:52:00,145.95,145.95,145.9,145.95,8974.0,0.09999999999999433,1,-21643.0,0,,,,,,,,,,,,,,,,,,,,,,,,,,,,,
2019-07-17 16:53:00,145.95,145.95,145.9,145.9,6993.0,-0.04999999999998295,0,-1981.0,0,,,,,,,,,,,,,,,,,,,,,,,,,,,,,
2019-07-17 16:54:00,145.85,145.85,145.75,145.75,9777.0,-0.19999999999998866,0,2784.0,1,,,,,,,,,,,,,,,,,,,,,,,,,,,,,
2019-07-17 16:55:00,145.75,145.75,145.7,145.75,3402.0,-0.09999999999999433,0,-6375.0,0,,,,,,,,,,,,,,,,,,,,,,,,,,,,,
2019-07-17 16:56:00,145.75,145.8,145.75,145.8,10758.0,0.05000000000001137,1,7356.0,1,,,,,,,,,,,,,,,,,,,,,,,,,,,,,
2019-07-17 16:57:00,145.85,145.85,145.8,145.8,6727.0,0.05000000000001137,1,-4031.0,0,,,,,,,,,,,,,,,,,,,,,,,,,,,,,
2019-07-17 16:58:00,145.8,145.9,145.8,145.85,14682.0,0.0,0,7955.0,1,,,,,,,,,,,,,,,,,,,,,,,,,,,,,
2019-07-17 16:59:00,145.85,145.9,145.85,145.9,5694.0,0.09999999999999433,1,-8988.0,0,,,,,,,,,,,,,,,,,,,,,,,,,,,,,
2019-07-17 17:00:00,145.95,145.95,145.9,145.9,3372.0,0.05000000000001137,1,-2322.0,0,,,,,,,,,,,,,,,,,,,,,,,,,,,,,
2019-07-17 17:01:00,145.9,145.9,145.8,145.9,8388.0,-0.04999999999998295,0,5016.0,1,,,,,,,,,,,,,,,,,,,,,,,,,,,,,
2019-07-17 17:02:00,145.9,146.05,145.9,146.05,18635.0,0.15000000000000568,1,10247.0,1,,,,,,,,,,,,,,,,,,,,,,,,,,,,,
2019-07-17 17:03:00,146.05,146.05,146.05,146.05,2750.0,0.15000000000000568,1,-15885.0,0,,,,,,,,,,,,,,,,,,,,,,,,,,,,,
2019-07-17 17:04:00,146.0,146.05,145.9,146.0,16060.0,-0.05000000000001137,0,13310.0,1,,,,,,,,,,,,,,,,,,,,,,,,,,,,,
2019-07-17 17:05:00,146.0,146.0,146.0,146.0,2918.0,0.0,0,-13142.0,0,,,,,,,,,,,,,,,,,,,,,,,,,,,,,
2019-07-17 17:06:00,146.0,146.0,145.9,145.95,7284.0,-0.05000000000001137,0,4366.0,1,,,,,,,,,,,,,,,,,,,,,,,,,,,,,
2019-07-17 17:07:00,145.9,145.9,145.85,145.85,7459.0,-0.15000000000000568,0,175.0,1,,,,,,,,,,,,,,,,,,,,,,,,,,,,,
2019-07-17 17:08:00,145.85,145.9,145.85,145.85,7304.0,-0.05000000000001137,0,-155.0,0,,,,,,,,,,,,,,,,,,,,,,,,,,,,,
2019-07-17 17:09:00,145.85,145.9,145.85,145.9,206.0,0.05000000000001137,1,-7098.0,0,,,,,,,,,,,,,,,,,,,,,,,,,,,,,
2019-07-17 17:10:00,145.9,145.9,145.9,145.9,11666.0,0.05000000000001137,1,11460.0,1,,,,,,,,,,,,,,,,,,,,,,,,,,,,,
2019-07-17 17:11:00,145.9,145.95,145.9,145.95,13217.0,0.04999999999998295,1,1551.0,1,,,,,,,,,,,,,,,,,,,,,,,,,,,,,
2019-07-17 17:12:00,145.95,146.0,145.95,146.0,6810.0,0.09999999999999433,1,-6407.0,0,,,,,,,,,,,,,,,,,,,,,,,,,,,,,
2019-07-17 17:13:00,146.0,146.0,146.0,146.0,5415.0,0.05000000000001137,1,-1395.0,0,,,,,,,,,,,,,,,,,,,,,,,,,,,,,
2019-07-17 17:14:00,146.05,146.1,146.0,146.1,39251.0,0.09999999999999433,1,33836.0,1,,,,,,,,,,,,,,,,,,,,,,,,,,,,,
2019-07-17 17:15:00,146.1,146.1,146.0,146.0,6657.0,-0.05000000000001137,0,-32594.0,0,,,,,,,,,,,,,,,,,,,,,,,,,,,,,
2019-07-17 17:16:00,146.0,146.1,146.0,146.1,13020.0,0.0,0,6363.0,1,,,,,,,,,,,,,,,,,,,,,,,,,,,,,
2019-07-17 17:17:00,146.05,146.1,145.95,145.95,7910.0,-0.05000000000001137,0,-5110.0,0,,,,,,,,,,,,,,,,,,,,,,,,,,,,,
2019-07-17 17:18:00,145.95,145.95,145.85,145.9,13307.0,-0.15000000000000568,0,5397.0,1,,,,,,,,,,,,,,,,,,,,,,,,,,,,,
2019-07-17 17:19:00,145.9,146.0,145.9,145.95,18218.0,0.0,0,4911.0,1,,,,,,,,,,,,,,,,,,,,,,,,,,,,,
2019-07-17 17:20:00,145.9,145.9,145.7,145.7,42535.0,-0.20000000000001705,0,24317.0,1,,,,,,,,,,,,,,,,,,,,,,,,,,,,,
2019-07-17 17:21:00,145.7,146.1,145.7,146.0,76017.0,0.09999999999999433,1,33482.0,1,,,,,,,,,,,,,,,,,,,,,,,,,,,,,
2019-07-17 17:22:00,146.05,146.05,146.0,146.05,9810.0,0.35000000000002274,1,-66207.0,0,,,,,,,,,,,,,,,,,,,,,,,,,,,,,
2019-07-17 17:23:00,146.0,146.0,145.9,146.0,15169.0,-0.05000000000001137,0,5359.0,1,,,,,,,,,,,,,,,,,,,,,,,,,,,,,
2019-07-17 17:24:00,146.0,146.0,145.95,145.95,7589.0,-0.05000000000001137,0,-7580.0,0,,,,,,,,,,,,,,,,,,,,,,,,,,,,,
2019-07-17 17:25:00,145.9,145.9,145.7,145.7,23347.0,-0.30000000000001137,0,15758.0,1,,,,,,,,,,,,,,,,,,,,,,,,,,,,,
2019-07-17 17:30:00,145.5,145.5,145.5,145.5,1812806.0,-0.4000000000000057,0,1789459.0,1,,,,,,,,,,,,,,,,,,,,,,,,,,,,,
